latitude	longitude	zipcode	category
43.038833	-75.086685	13340	U
43.090202	-75.316717	13413	ST
43.289278	-75.418601	13440	ER
43.127733	-74.975608	13350	AS
43.076989	-75.304315	13413	R
43.078199	-75.69198	13421	ST
43.162703	-75.311158	13403	X
43.022895	-74.992599	13350	ST
43.022381	-74.982215	13350	CC
43.214385	-75.465683	13440	K
43.041314	-74.858357	13365	ST
43.028806	-74.988072	13350	WT
43.077018	-75.295643	13413	ST
43.231261	-75.497157	13440	ST
43.015214	-75.035221	13357	ST
43.090786	-75.628411	13421	V
43.022293	-74.994606	13350	K
43.131139	-75.249355	13403	ER
43.048013	-75.378332	13323	SR
43.232344	-75.439028	13440	SR
43.001332	-75.315482	13456	X
43.002444	-75.314755	13456	SR
43.017314	-75.033646	13357	K
43.204665	-75.456948	13440	ST
43.10351	-75.292407	13417	X
43.079004	-75.372231	13323	SR
43.107535	-75.285031	13417	V
43.03714	-75.069248	13340	G
42.998822	-75.05035	13357	ST
43.245997	-75.453793	13440	CC
43.093091	-75.309538	13413	CC
43.218169	-75.459372	13440	CC
43.213799	-75.454782	13440	ST
43.071146	-75.286439	13413	M
43.092158	-75.659319	13421	ST
43.213885	-75.459601	13440	ER
43.081643	-75.295711	13413	SR
43.048817	-74.859762	13365	AS
43.220365	-75.425257	13440	K
43.072259	-75.289167	13413	CC
43.016641	-75.037881	13357	K
43.046289	-74.855663	13365	CC
43.219459	-75.44728	13440	R
43.039568	-75.06739	13340	M
43.214588	-75.461509	13440	CC
43.102483	-75.295533	13417	K
43.020332	-75.080447	13340	SR
43.074239	-75.287616	13413	ST
43.026487	-74.986341	13350	SR
43.027241	-74.914169	13365	ST
43.082361	-75.315535	13413	K
43.13594	-75.278538	13403	ST
43.03978	-75.622229	13421	G
43.023945	-74.975882	13350	CC
43.228548	-75.491063	13440	R
43.030668	-75.062132	13340	SR
43.231278	-75.437321	13440	SR
43.074258	-75.288387	13413	CC
43.207177	-75.461009	13440	SR
43.075573	-75.690892	13421	ST
43.076016	-75.702881	13421	CC
43.038872	-74.857778	13365	V
43.074907	-75.289072	13413	R
43.026351	-74.98714	13350	ST
43.100233	-75.293547	13417	SR
43.034298	-74.960722	13350	SR
43.02275	-74.98247	13350	K
43.232463	-75.436644	13440	SR
43.212653	-75.460743	13440	K
43.078538	-75.646343	13421	G
43.106195	-75.293732	13417	G
43.082134	-75.316402	13413	ST
43.016176	-75.035897	13357	R
43.214409	-75.459946	13440	ST
43.212545	-75.461588	13440	ST
43.199489	-75.449075	13440	K
43.090978	-75.661674	13421	K
43.230281	-75.440105	13440	R
43.091013	-75.311718	13413	CC
43.210731	-75.465294	13440	ST
43.112244	-74.878892	13365	M
43.077853	-75.38472	13323	SR
43.172994	-75.320815	13403	SR
43.09594	-75.305236	13413	K
43.082612	-75.323552	13413	K
43.054692	-75.271805	13413	MF
43.030279	-74.982854	13350	R
43.091385	-75.329346	13323	AS
43.21856	-75.433744	13440	SR
43.040428	-74.858715	13365	K
43.096716	-75.623466	13421	G
43.218978	-75.448348	13440	P
43.090112	-75.31657	13413	ST
43.228277	-75.488332	13440	ST
42.984902	-74.859063	13365	SR
43.020905	-74.990057	13350	SR
43.072256	-75.34166	13413	V
43.283076	-75.471421	13440	U
43.014271	-75.030451	13357	GG
43.013942	-75.036991	13357	SR
43.475929	-75.319647	13323	G
43.213816	-75.570393	13440	SR
43.085664	-75.657969	13421	ER
43.230915	-75.499161	13440	ST
43.225077	-75.485559	13440	K
43.094797	-75.280405	13413	V
43.229596	-75.494908	13440	ST
43.210973	-75.458428	13440	ST
43.016598	-74.992296	13350	HH
43.090271	-75.649596	13421	CC
43.215829	-75.459332	13440	SR
43.128809	-74.976634	13350	ST
43.022955	-74.99283	13350	K
43.225301	-75.488032	13440	ST
43.214513	-75.459041	13440	V
43.097787	-75.303493	13413	ST
43.078937	-75.652742	13421	ST
43.042357	-74.858346	13365	R
43.097227	-75.647818	13421	ST
43.076984	-75.643335	13421	M
43.24283	-75.455593	13440	CC
43.213742	-75.451711	13440	K
43.212274	-75.458004	13440	CC
43.072949	-75.28721	13413	CC
43.083248	-75.314143	13413	ST
43.027765	-74.988998	13350	SR
43.026023	-74.985359	13350	M
43.21297	-75.466577	13440	ST
43.084194	-75.291977	13413	SR
43.219986	-75.324985	13440	ST
43.022083	-74.992091	13350	ST
43.204289	-75.438602	13440	SR
43.013257	-75.039821	13357	CC
43.051738	-75.187405	13340	SR
43.213333	-75.461796	13440	SR
43.07313	-75.28915	13413	ST
43.217197	-75.474813	13440	ST
43.045105	-74.858799	13365	V
43.028586	-74.986542	13350	K
43.226101	-75.43573	13440	ER
43.27476	-75.46958	13440	V
43.090492	-75.313664	13413	K
43.136282	-75.275766	13403	M
43.075714	-75.683979	13421	SR
43.087187	-75.313051	13413	K
43.20604	-75.45681	13440	ST
43.23533	-75.448943	13440	V
43.042181	-74.858389	13365	ST
43.231315	-75.443285	13440	CC
43.040013	-75.078331	13340	SR
43.082222	-75.393087	13323	SR
43.078964	-75.652722	13421	ST
43.014694	-75.035467	13357	ST
43.22813	-75.492019	13440	SR
43.226298	-75.489478	13440	ST
43.074595	-75.286992	13413	ST
43.01707	-74.996357	13350	K
43.228548	-75.491091	13440	R
43.23053	-75.437906	13440	ST
43.053827	-75.376145	13323	M
42.999283	-75.04926	13357	ST
43.088126	-75.647126	13421	CC
43.038572	-74.866157	13365	U
43.089806	-75.312438	13413	ST
43.077826	-75.643885	13421	ST
43.027875	-74.990152	13350	R
43.072993	-75.296378	13413	CC
43.023391	-74.989937	13350	K
43.093341	-75.276344	13413	R
43.044864	-75.383816	13323	WT
43.221765	-75.421648	13440	ST
43.040434	-75.390852	13323	R
43.078371	-75.647813	13421	M
43.213547	-75.467986	13440	ST
43.094249	-75.284649	13413	K
43.077332	-75.292579	13413	R
43.047561	-74.986166	13350	ER
43.091903	-75.179131	13340	K
43.025967	-74.984107	13350	R
43.224812	-75.447593	13440	ER
43.080008	-75.643187	13421	R
43.087155	-75.643741	13421	MF
43.083433	-75.323196	13413	ST
43.082387	-75.314973	13413	K
43.232134	-75.436421	13440	G
43.23728	-75.453418	13440	G
43.096143	-75.305021	13413	K
43.023251	-74.996492	13350	ER
43.041332	-74.858236	13365	K
43.103272	-75.661466	13421	CC
43.044483	-75.193009	13340	WT
43.082197	-75.361425	13323	SR
43.220793	-75.480858	13440	SR
43.013308	-75.037418	13357	V
43.076504	-75.644023	13421	K
43.048047	-75.380704	13323	ST
43.092948	-75.276656	13413	K
43.044457	-74.859832	13365	CC
43.062418	-75.603251	13421	ER
43.204693	-75.456916	13440	ST
43.097792	-75.303486	13413	R
43.228389	-75.492635	13440	M
43.023736	-74.991872	13350	CC
43.048381	-75.379377	13323	ER
43.0758	-75.683964	13421	SR
43.09074	-75.320666	13413	ST
43.096431	-75.623367	13421	U
43.096519	-75.650024	13421	V
43.093818	-75.277524	13413	K
43.027469	-74.988715	13350	ER
43.236409	-75.437453	13440	SR
43.050446	-75.335794	13323	MF
43.082754	-75.315607	13413	ST
43.094593	-75.651927	13421	K
43.096071	-75.6523	13421	K
43.208647	-75.45237	13440	K
43.208724	-75.47484	13440	ST
43.044346	-74.85964	13365	R
43.01449	-75.039568	13340	SR
43.097172	-75.299549	13417	ER
43.017047	-74.802798	13365	K
43.027339	-74.913194	13365	ER
43.206804	-75.456943	13440	K
43.185773	-75.479044	13440	M
43.21407	-75.467452	13440	G
43.079918	-75.643764	13421	G
43.20428	-75.437703	13440	SR
43.074024	-75.287016	13413	ST
43.044629	-74.85667	13365	SR
43.080405	-75.335353	13413	CC
43.09262	-75.314319	13413	ER
43.097256	-75.296919	13417	CC
43.213591	-75.454281	13440	ST
43.091014	-75.649884	13421	CC
43.0771	-75.643848	13421	ST
43.102198	-75.293912	13417	K
43.027228	-74.985864	13350	V
43.078652	-75.640706	13421	ST
43.082928	-75.315824	13413	K
43.222253	-75.482295	13440	ST
43.025492	-74.984206	13350	ST
43.016134	-75.033704	13357	G
43.015151	-75.036261	13357	CC
43.027575	-74.978594	13350	ST
43.05658	-75.259863	13413	V
43.021114	-74.992364	13350	WT
43.08296	-75.314736	13413	ST
43.09628	-75.303285	13413	ST
43.000271	-75.14946	13340	SR
43.040938	-74.858636	13365	K
43.221221	-75.450868	13440	CC
43.027891	-74.978736	13350	G
43.08261	-75.323993	13413	SR
43.110161	-75.28692	13417	CC
43.094829	-75.652248	13421	R
43.084713	-75.32124	13413	ST
43.015175	-75.03625	13357	CC
43.216283	-75.45771	13440	V
43.208974	-75.45322	13440	K
43.203866	-75.458624	13440	ER
43.07791	-75.658393	13421	CC
43.071223	-75.378575	13323	ER
43.016865	-75.047236	13357	ER
43.047878	-75.381206	13323	K
43.082054	-75.317754	13413	WT
43.10721	-75.282637	13417	ST
43.055343	-75.279268	13413	U
43.026336	-74.883366	13365	SR
43.076009	-75.641995	13421	ST
43.0767	-75.294474	13413	ST
43.247998	-75.523728	13440	SR
43.076502	-75.64405	13421	K
43.053369	-75.277206	13413	K
43.083724	-75.307036	13413	ER
43.240509	-75.437826	13440	G
43.22741	-75.490811	13440	ST
43.202941	-75.439629	13440	M
43.04806	-75.379361	13323	ST
43.21614	-75.457548	13440	CC
43.210461	-75.453098	13440	M
43.094982	-75.652254	13421	K
43.097276	-75.296825	13417	ST
43.134994	-75.441953	13440	V
43.02742	-74.983481	13350	CC
43.235945	-75.454748	13440	V
43.09006	-75.302139	13417	MF
43.216587	-75.468877	13440	ST
43.204265	-75.432065	13440	K
43.207778	-75.463545	13440	ST
43.101514	-75.294388	13417	SR
43.061362	-74.859601	13365	ER
43.044383	-74.986634	13350	M
43.027531	-74.979534	13350	ST
43.044745	-74.848962	13365	G
43.095703	-75.651387	13421	ST
43.040711	-75.391293	13323	CC
43.219477	-75.476361	13440	U
43.076713	-75.64401	13421	ER
43.03393	-74.987924	13350	G
43.072992	-75.294399	13413	V
43.075962	-75.644007	13421	ST
43.224865	-75.455062	13440	CC
43.015764	-75.034804	13357	K
43.18445	-75.333045	13403	K
43.233837	-75.436333	13440	ST
43.079914	-75.390144	13323	SR
43.078369	-75.648129	13421	SR
43.219045	-75.478843	13440	ST
43.050316	-75.379381	13323	ST
43.218462	-75.45528	13440	CC
43.212739	-75.46221	13440	M
43.042071	-74.859564	13365	AS
43.217012	-75.457005	13440	M
43.025137	-74.985366	13350	SR
43.027981	-75.059118	13340	CC
43.076264	-75.685812	13421	R
43.08542	-75.119625	13340	ST
43.237831	-75.456264	13440	ST
43.023076	-74.988887	13350	ST
43.132597	-75.255648	13403	SR
43.088184	-75.316385	13413	R
43.093297	-75.275095	13413	V
43.049634	-75.378709	13323	SR
43.223206	-75.420297	13440	G
43.061544	-75.282828	13413	SR
43.022346	-75.051631	13357	U
43.139949	-75.276076	13403	SR
43.040196	-75.391489	13323	SR
43.258644	-75.46138	13440	K
43.217197	-75.342504	13440	CC
43.017085	-74.802861	13365	K
43.025238	-74.987059	13350	K
43.190858	-75.57213	13440	SR
43.078926	-75.651636	13421	R
42.930557	-75.112745	13357	G
43.219529	-75.324356	13440	G
43.006853	-75.256717	13456	R
43.21337	-75.474217	13440	ST
43.139729	-75.276477	13403	M
43.018441	-75.042867	13357	R
43.212724	-75.460936	13440	K
43.216198	-75.454162	13440	CC
43.210545	-75.460443	13440	ST
43.077088	-75.310336	13413	ST
43.096614	-75.650965	13421	K
43.04976	-75.377781	13323	ST
43.014314	-75.037379	13357	X
43.087666	-75.648097	13421	V
43.214038	-75.465196	13440	SR
43.185465	-75.259518	13403	WT
43.043567	-74.857684	13365	G
43.239905	-75.438083	13440	K
43.091621	-75.315673	13413	SR
43.090272	-75.649601	13421	CC
43.139079	-75.714179	13421	ER
43.023081	-74.988919	13350	K
43.020208	-74.992498	13350	ER
43.043478	-74.859466	13365	M
43.0391	-75.069149	13340	X
43.214025	-75.458002	13440	M
43.085011	-75.321374	13413	ER
43.078377	-75.290578	13413	SR
43.078934	-75.652736	13421	CC
43.076151	-75.643982	13421	R
43.097226	-75.655605	13421	ST
43.208508	-75.459393	13440	CC
43.226528	-75.509944	13440	SR
43.138735	-75.276518	13403	K
43.075927	-75.64215	13421	K
43.016487	-74.878684	13365	SR
43.063635	-75.260564	13413	R
43.047454	-75.382429	13323	R
43.106805	-75.664864	13421	ST
43.183937	-75.488889	13440	SR
43.080351	-75.3915	13323	K
43.231111	-75.442336	13440	CC
43.213563	-75.45828	13440	CC
43.017869	-75.176536	13340	SR
43.199049	-75.448671	13440	ER
43.093823	-75.307566	13413	MF
43.015825	-75.03685	13357	K
43.026229	-75.271131	13456	ST
43.073487	-75.294994	13413	K
43.059528	-74.769275	13365	SR
43.085281	-75.17064	13340	V
43.080129	-75.641936	13421	R
43.257196	-75.461809	13440	ST
43.090772	-75.651936	13421	V
43.217584	-75.558983	13440	V
43.046002	-74.860104	13365	V
43.223209	-75.483869	13440	ST
43.229952	-75.495379	13440	K
43.002906	-75.255952	13456	ST
43.076056	-75.641876	13421	K
43.087264	-75.314979	13413	ST
43.207523	-75.450298	13440	K
43.055508	-75.271649	13413	WT
43.037146	-75.071653	13340	ER
43.095328	-75.318128	13413	G
43.208719	-75.474855	13440	ST
43.235688	-75.50106	13440	ST
43.024815	-74.980334	13350	V
43.053674	-75.277639	13413	M
43.087656	-75.16591	13340	SR
43.091539	-75.276708	13413	CC
43.044522	-74.855589	13365	X
43.062922	-75.272303	13413	K
43.074288	-75.28821	13413	K
43.026882	-74.943541	13350	SR
43.074584	-75.301146	13413	CC
43.057222	-74.857768	13365	SR
43.054647	-75.271747	13413	K
43.043903	-74.860446	13365	ST
43.076389	-75.644002	13421	G
43.096117	-75.651755	13421	ST
43.093093	-75.279197	13413	CC
43.231684	-75.437282	13440	ST
43.097264	-75.296912	13417	R
43.257193	-75.461857	13440	MF
43.07293	-75.287175	13413	CC
43.130378	-75.24693	13403	M
43.047956	-75.378559	13323	V
43.078201	-75.691724	13421	ST
43.077135	-75.309979	13413	K
43.093132	-75.279209	13413	CC
43.079302	-75.31798	13413	K
43.059626	-75.083453	13340	MF
43.049207	-75.380172	13323	R
43.097193	-75.651781	13421	V
43.054327	-75.279185	13413	CC
43.026482	-74.998289	13350	K
43.024761	-74.990078	13350	ER
43.08378	-75.339507	13323	ST
43.085357	-75.668566	13421	CC
43.073324	-75.288588	13413	ST
43.207066	-75.449087	13440	ST
43.138022	-75.263903	13403	V
43.053792	-75.376905	13323	ER
43.025471	-74.981044	13350	K
43.221874	-75.424267	13440	SR
43.136104	-75.267141	13403	ST
43.078528	-75.688982	13421	CC
43.095592	-75.651871	13421	ST
43.016582	-75.035237	13357	G
43.077642	-75.643896	13421	SR
43.240621	-75.470172	13440	SR
43.07907	-75.6464	13421	M
43.07557	-75.690893	13421	R
43.054002	-75.279525	13413	CC
43.040603	-75.083185	13340	ST
43.083147	-75.326395	13413	SR
43.23115	-75.443408	13440	CC
43.100635	-75.295273	13417	ST
43.081906	-75.321971	13413	K
43.073838	-75.320855	13413	SR
43.041996	-75.064271	13340	SR
43.078509	-75.644915	13421	SR
43.136067	-75.262675	13403	ST
43.068319	-75.347543	13323	G
43.248798	-75.382913	13440	ER
43.060469	-75.2558	13413	ER
43.077161	-75.296034	13413	ST
43.0903	-75.315394	13413	ST
43.041795	-74.861676	13365	K
43.033562	-74.98341	13350	M
43.025301	-74.987032	13350	K
43.028392	-75.059526	13340	K
43.231309	-75.443386	13440	CC
43.059173	-75.361784	13323	CC
43.073479	-75.28681	13413	U
43.225985	-75.488861	13440	SR
43.014156	-75.038898	13357	V
43.097044	-75.302518	13413	ST
43.088202	-75.316425	13413	G
43.041994	-75.387076	13323	G
43.095751	-75.651708	13421	ST
43.073165	-75.293525	13413	CC
43.22398	-75.445909	13440	ER
43.218193	-75.45941	13440	CC
43.060555	-75.652761	13421	ER
43.071771	-75.647883	13421	SR
43.092973	-75.278885	13413	CC
43.0924	-75.65075	13421	SR
43.096087	-75.305269	13413	K
43.108906	-75.28853	13417	ER
43.082686	-75.149697	13340	ST
43.078465	-75.642838	13421	K
43.039631	-75.388486	13323	V
43.039625	-75.391673	13323	SR
43.082521	-75.324865	13413	K
43.099495	-75.614034	13421	MF
43.079098	-75.658047	13421	V
43.042792	-74.861078	13365	ST
43.091718	-75.6503	13421	CC
43.077919	-75.658411	13421	CC
43.230476	-75.438014	13440	K
43.002608	-75.257702	13456	CC
43.103847	-75.299043	13417	SR
43.073025	-75.288079	13413	K
43.040466	-74.859992	13365	ST
43.161886	-75.296307	13403	ER
43.227399	-75.491285	13440	SR
43.23884	-75.504707	13440	M
43.080438	-75.321041	13413	ST
43.044276	-74.857328	13365	ER
42.977137	-74.823375	13365	ER
43.049635	-75.379104	13323	R
43.078034	-75.687725	13421	R
43.075547	-75.690932	13421	SR
43.020621	-74.991144	13350	K
43.216222	-75.470286	13440	ST
43.075582	-75.297535	13413	ST
43.166798	-75.291686	13403	K
43.212931	-75.4578	13440	V
43.005644	-75.25582	13456	G
43.082585	-75.383827	13323	SR
43.082274	-75.316078	13413	ST
43.025875	-74.985619	13350	M
43.085593	-75.320255	13413	ST
43.0927	-75.312866	13413	CC
43.216854	-75.474285	13440	CC
43.087004	-75.313158	13413	M
43.212425	-75.464474	13440	ST
43.073537	-75.343467	13413	CC
43.047918	-75.384259	13323	SR
43.041048	-75.068778	13340	K
43.0952	-75.306218	13413	ST
43.094267	-75.306877	13413	R
43.082358	-75.315692	13413	ST
43.182534	-75.430305	13440	M
43.212909	-75.466378	13440	R
43.08102	-75.400407	13323	CC
43.104773	-75.65308	13421	CC
43.211945	-75.457252	13440	ER
43.215375	-75.462111	13440	SR
43.220102	-75.332437	13440	X
43.079195	-75.645579	13421	K
42.99788	-75.051969	13357	SR
43.042353	-74.861268	13365	ST
43.214784	-75.466455	13440	SR
43.093956	-75.307722	13413	K
43.21925	-75.461471	13440	K
43.090987	-75.278254	13413	K
43.088421	-75.311533	13413	ST
43.092834	-75.30881	13413	ST
43.210416	-75.460233	13440	M
43.04617	-74.984926	13350	SR
43.057519	-75.160024	13340	SR
43.046006	-75.379793	13323	V
43.213947	-75.455887	13440	V
43.040095	-75.670737	13421	ST
43.027415	-74.983515	13350	CC
43.257647	-75.461977	13440	V
43.095241	-75.651191	13421	K
43.095263	-75.312424	13413	ST
43.077632	-75.643913	13421	ST
43.069493	-75.344079	13413	ST
43.217001	-75.453681	13440	ER
43.23202	-75.496128	13440	SR
43.027173	-74.946174	13350	SR
43.073576	-75.291774	13413	CC
43.082539	-75.32411	13413	ST
43.220826	-75.424323	13440	K
43.094081	-75.651529	13421	R
43.025411	-74.981905	13350	ST
43.223306	-75.484685	13440	SR
43.200814	-75.37575	13440	K
43.079473	-75.641231	13421	ST
43.088233	-75.311152	13413	SR
43.244387	-75.455076	13440	K
43.092521	-75.312658	13413	CC
43.178258	-75.013857	13440	SR
43.004617	-74.844408	13365	SR
42.961997	-75.315594	13456	SR
43.096458	-75.621329	13421	WT
43.020079	-74.990769	13350	SR
42.987054	-75.258696	13456	ER
43.046544	-75.266513	13413	ST
43.104831	-75.295367	13417	G
43.207219	-75.449576	13440	ST
43.054694	-75.271777	13413	K
43.027596	-74.989734	13350	CC
43.022571	-74.993809	13350	R
43.208728	-75.455947	13440	ST
43.224416	-75.486319	13440	K
43.090195	-75.658182	13421	V
43.133212	-75.260518	13403	ER
43.043927	-74.858375	13365	K
43.093491	-75.653346	13421	ST
43.215483	-75.452713	13440	K
43.081708	-75.315728	13413	ST
43.043374	-75.385594	13323	ST
42.976644	-75.305252	13456	ER
43.013157	-75.0387	13357	V
43.028871	-74.988189	13350	M
43.144311	-75.29021	13403	X
43.080784	-75.635578	13421	ER
43.139947	-75.276032	13403	P
42.996471	-75.09684	13340	SR
43.023698	-74.988572	13350	K
43.082603	-75.315883	13413	ST
43.052816	-74.853179	13365	SR
43.093115	-75.279204	13413	CC
43.099022	-75.303035	13417	SR
43.231845	-75.440741	13440	CC
43.045694	-75.36789	13323	SR
43.027149	-74.946138	13350	ST
43.075687	-75.689666	13421	SR
43.091527	-75.276669	13413	SR
43.073167	-75.293532	13413	CC
43.039086	-74.865786	13365	SR
43.044694	-75.060721	13340	SR
43.236485	-75.45412	13440	SR
42.975975	-75.071469	13357	SR
43.15776	-75.286372	13403	SR
43.016672	-75.038465	13357	U
43.232345	-75.492691	13440	ST
43.238652	-75.504781	13440	ST
43.083905	-75.327584	13413	ST
43.206644	-75.447562	13440	NN
43.014598	-75.035295	13357	ST
43.008438	-75.037483	13357	SR
43.075379	-75.297523	13413	K
43.135274	-75.262499	13403	R
43.019151	-74.990714	13350	SR
43.002029	-75.193685	13340	SR
43.140022	-75.277036	13403	SR
43.015867	-75.037945	13357	CC
43.07229	-75.289165	13413	CC
43.079249	-75.642652	13421	R
43.08317	-75.321871	13413	ST
43.207804	-75.432047	13440	R
43.005882	-75.076051	13357	SR
43.237384	-75.502196	13440	ST
43.093934	-75.307707	13413	K
43.069946	-75.286781	13413	CC
42.985066	-75.106809	13357	MF
43.215081	-75.453779	13440	SR
43.218219	-75.473688	13440	ST
43.08102	-75.40022	13323	CC
43.442492	-75.215962	13421	M
43.230825	-75.441754	13440	ST
43.078318	-75.380955	13323	U
40.738674	-73.548309	13365	ER
43.132586	-75.255652	13403	ER
43.178005	-75.286234	13403	V
43.275295	-75.493174	13440	V
43.078258	-75.68963	13421	G
43.143725	-75.4396	13440	ST
43.077911	-75.658403	13421	CC
43.30306	-75.472626	13440	G
43.055525	-75.279475	13413	CC
43.086633	-75.31699	13413	ST
43.037506	-75.069516	13340	K
43.095561	-75.307109	13413	ST
43.088856	-75.311177	13413	ST
43.216101	-75.454948	13440	ST
43.025088	-75.031712	13357	SR
43.084582	-75.324362	13413	R
43.104168	-75.661152	13421	SR
43.015899	-75.037919	13357	CC
43.073071	-75.296492	13413	ST
43.081835	-75.321968	13413	M
43.043604	-74.861191	13365	ER
43.093704	-75.652461	13421	ST
43.041362	-75.065734	13340	SR
43.09907	-75.302136	13417	ST
43.282402	-75.470785	13440	SR
43.035155	-75.066767	13340	K
43.210116	-75.462345	13440	M
43.048403	-75.38002	13323	SR
43.044653	-74.851392	13365	V
43.090353	-75.315402	13413	ST
43.059229	-75.28609	13413	M
43.082389	-75.313994	13413	ST
43.006123	-75.033038	13357	ER
43.284679	-75.46962	13440	WT
43.042989	-74.842349	13365	ER
43.042699	-75.083566	13340	ST
43.260602	-75.461514	13440	ST
43.095413	-75.649813	13421	G
43.035305	-75.291541	13413	ST
43.136279	-75.574391	13421	SR
43.048044	-75.379952	13323	WT
43.088525	-75.311688	13413	K
43.026731	-74.944697	13323	ST
43.015474	-75.034651	13357	ER
43.232011	-75.440606	13440	CC
43.137887	-75.275706	13403	K
43.042405	-75.134854	13340	ER
43.218724	-75.332108	13440	V
43.08402	-75.353441	13323	ST
43.141056	-75.707727	13421	K
43.228392	-75.492667	13440	M
43.041655	-74.856342	13365	R
43.016928	-74.996175	13350	HH
43.094316	-75.275656	13413	K
43.228793	-75.437797	13440	ST
43.011766	-75.39737	13323	SR
43.042265	-74.858614	13365	ST
43.02788	-74.770014	13365	WT
43.020415	-74.986746	13350	SR
43.089991	-75.280469	13413	ST
43.028118	-74.978021	13350	R
43.027748	-74.987701	13350	ST
43.076428	-75.259522	13413	SR
43.079823	-75.643762	13421	R
43.044238	-74.84771	13365	CC
43.082503	-75.314586	13413	ST
43.204906	-75.431557	13440	MF
43.092397	-75.650777	13421	M
43.070011	-75.284465	13413	K
43.095244	-75.298295	13417	K
43.226602	-75.489815	13440	G
43.09353	-75.276665	13413	ST
43.228848	-75.491529	13440	ST
43.209088	-75.453628	13440	K
43.090492	-75.316584	13413	SR
43.015721	-74.803562	13365	K
43.039105	-74.98757	13350	R
43.043507	-74.855823	13365	ST
43.0945	-75.650878	13421	SR
43.048713	-75.379486	13323	K
43.056922	-75.259143	13413	V
43.004187	-75.157684	13340	SR
43.016115	-75.037349	13357	ST
43.023231	-74.99797	13350	ER
43.062432	-75.602979	13421	ER
43.219638	-75.447789	13440	M
43.076268	-75.29515	13413	R
43.083661	-75.676103	13421	ER
43.051958	-75.271146	13413	SR
43.205224	-75.456406	13440	ER
43.095398	-75.305934	13413	ST
43.025818	-74.986061	13365	SR
43.089768	-75.312281	13413	M
43.076008	-75.691184	13421	ST
43.05617	-75.366831	13323	G
43.042923	-75.386203	13323	K
43.076427	-75.103139	13340	U
43.209329	-75.454014	13440	R
43.025565	-74.986384	13350	K
43.231904	-75.440689	13440	CC
43.235559	-75.437966	13440	ER
43.092803	-75.309276	13413	ST
43.030722	-74.873464	13365	ST
43.083234	-75.321283	13413	ST
43.229297	-75.492045	13440	SR
43.04793	-75.380188	13323	SR
43.082954	-75.665593	13421	V
43.085984	-75.319631	13413	G
43.084194	-75.344713	13323	K
43.213618	-75.45557	13440	X
43.023323	-75.004216	13350	V
43.048075	-75.379167	13323	K
43.21776	-75.444233	13440	ER
43.023559	-75.67955	13421	SR
43.250797	-75.523212	13440	SR
43.082586	-75.323849	13413	G
43.082794	-75.3151	13413	ST
43.013654	-74.768879	13365	ST
43.034989	-74.869819	13365	SR
43.226351	-75.487824	13440	ST
43.083798	-75.327609	13413	ST
43.013325	-75.037424	13357	ST
43.091942	-75.650513	13421	SR
43.016796	-75.034244	13357	ST
43.005294	-75.261345	13456	K
43.012738	-75.037963	13357	SR
43.218672	-75.457238	13440	SR
43.260525	-75.461512	13440	R
43.13085	-75.248444	13403	SR
43.091572	-75.276696	13413	CC
43.214285	-75.470671	13440	ST
43.106639	-75.652951	13421	ST
43.157963	-75.301133	13403	R
43.019498	-74.871928	13365	U
43.23264	-75.438941	13440	R
43.219545	-75.455266	13440	CC
43.21193	-75.462855	13440	SR
43.091266	-75.330182	13323	AS
43.287388	-75.469254	13440	M
43.096237	-75.303527	13413	M
43.063937	-75.609826	13421	ER
43.074516	-75.318871	13413	K
43.044276	-74.857413	13365	K
43.227222	-75.490484	13440	ST
43.092678	-75.650897	13421	V
43.01614	-75.03733	13357	R
43.022729	-74.988991	13350	G
43.026743	-74.944708	13340	V
43.081075	-75.315425	13413	ER
43.020402	-75.008401	13350	SR
43.092394	-75.650761	13421	CC
43.051894	-75.00183	13350	ER
43.237468	-75.453329	13440	CC
43.043711	-74.853057	13365	V
43.094534	-75.298739	13417	ST
43.239158	-75.450969	13440	V
43.227944	-75.346035	13440	SR
43.03756	-74.865083	13365	K
43.238946	-75.43699	13440	ER
43.044619	-74.859908	13365	MF
43.096055	-75.652222	13421	K
43.084433	-75.323541	13413	R
43.07857	-75.643598	13421	ST
43.235527	-75.437256	13440	M
43.015673	-75.036124	13357	X
43.024464	-74.989206	13350	ST
43.040807	-74.859382	13365	ER
43.191251	-75.507457	13440	ER
43.195438	-75.437943	13440	U
43.20899	-75.4532	13440	K
43.05533	-75.271609	13413	R
43.014347	-75.04068	13357	V
43.016317	-75.034751	13357	SR
43.205242	-75.422935	13440	SR
43.133884	-75.41127	13440	SR
43.096068	-75.305076	13413	CC
43.096564	-75.650984	13421	K
42.999667	-75.048981	13357	R
43.082683	-75.329991	13413	M
43.248815	-75.452096	13440	SR
43.075966	-75.297461	13413	ST
43.218175	-75.459389	13440	CC
43.081061	-75.315438	13413	ST
43.218632	-75.435833	13440	ST
43.095999	-75.652165	13421	K
43.099923	-75.655774	13421	ER
43.023978	-74.986292	13350	K
43.082402	-75.296095	13413	CC
43.236227	-75.437614	13440	ST
43.093505	-75.309705	13413	WT
43.03966	-75.070873	13340	K
43.00735	-74.744999	13365	K
43.07502	-75.289088	13413	SR
43.092967	-75.653432	13421	ST
43.075632	-73.865373	13340	SR
43.216574	-75.466657	13440	SR
43.097465	-75.653045	13421	K
43.072998	-75.343453	13413	R
43.082368	-75.315633	13413	ST
43.066264	-75.285835	13413	V
43.079035	-75.316624	13413	K
43.09424	-75.652656	13421	K
43.137643	-75.265955	13403	ER
43.13311	-75.256333	13403	U
43.076696	-75.104053	13340	U
43.142535	-75.216448	13403	ER
43.078441	-75.114367	13340	K
43.040422	-74.859248	13365	K
43.043257	-74.859903	13365	K
43.016788	-75.037285	13357	SR
43.049703	-75.377783	13323	K
43.078013	-75.294945	13413	ST
43.094503	-75.643259	13421	K
43.093778	-75.307517	13413	K
43.036406	-75.065414	13340	SR
43.018737	-74.993553	13350	ST
43.082396	-75.296073	13413	CC
43.216859	-75.460144	13440	V
43.082677	-75.316263	13413	ST
43.047007	-75.382867	13323	R
43.026249	-74.945118	13350	SR
43.091814	-75.651472	13421	CC
43.095314	-75.65224	13421	K
43.231572	-75.437347	13440	R
43.240427	-75.437899	13440	G
43.074228	-75.287627	13413	SR
43.094634	-75.64984	13421	M
43.133158	-75.254706	13403	SR
43.026887	-74.981497	13350	K
43.232129	-75.439431	13440	SR
43.084407	-75.322781	13413	ST
43.04839	-75.380991	13323	K
43.093748	-75.652551	13421	ST
43.234823	-75.435976	13440	R
43.083816	-75.293669	13413	CC
43.079247	-75.317013	13413	CC
43.22836	-75.492629	13440	M
42.986352	-75.245736	13456	SR
43.096067	-75.652236	13421	K
43.075404	-75.297528	13413	K
43.218223	-75.472544	13440	K
43.031725	-75.176775	13340	ST
43.055189	-75.276668	13413	ST
43.043541	-74.859515	13365	K
43.0553	-75.271607	13413	ER
43.077558	-75.338174	13413	CC
43.073061	-75.296478	13413	CC
42.465873	-73.392617	13357	K
43.028395	-74.986937	13350	AS
43.216022	-75.472106	13440	R
43.077211	-75.294355	13413	ST
43.013817	-75.039798	13357	SR
43.054498	-75.074341	13340	X
43.038033	-74.986313	13350	V
43.09544	-75.305905	13413	K
43.080152	-75.643372	13421	M
43.213737	-75.464398	13440	K
43.251939	-75.458869	13440	V
43.04398	-75.385109	13323	K
43.092213	-75.643414	13421	ST
43.010388	-75.021426	13357	AS
43.071811	-75.328655	13413	V
43.014598	-75.266828	13456	CC
43.027782	-74.990989	13350	V
43.095065	-75.304731	13413	SR
43.091634	-75.66245	13421	ST
43.093399	-75.644182	13421	K
43.079475	-75.641249	13421	R
43.23569	-75.501083	13440	ST
43.217564	-75.457051	13440	CC
43.082413	-75.315555	13413	K
43.052912	-75.273102	13413	G
43.030847	-74.991757	13350	WT
43.053247	-75.375912	13323	ER
43.096924	-75.110123	13340	SR
43.012569	-74.798779	13365	SR
43.207165	-75.460936	13440	G
43.205554	-75.41335	13440	ER
43.092677	-75.642656	13421	K
43.08225	-75.316253	13413	ST
43.213907	-75.454869	13440	R
43.023246	-74.991884	13350	R
43.077597	-75.338166	13413	CC
43.089376	-75.397794	13323	ST
43.073147	-75.289642	13413	K
43.013761	-75.038966	13357	V
43.046292	-74.855633	13365	CC
43.29663	-75.472507	13440	M
43.195353	-75.438237	13440	V
43.015882	-75.037947	13357	CC
43.207146	-75.449296	13440	M
43.005094	-75.248904	13456	V
43.072944	-75.292155	13413	CC
43.219411	-75.461694	13440	K
43.083913	-75.327562	13413	ST
43.237265	-75.436904	13440	SR
43.237324	-75.501832	13440	ST
43.005426	-75.260381	13456	P
43.090508	-75.009851	13350	ST
43.109615	-75.290496	13417	V
43.026137	-74.99758	13350	ER
43.091819	-75.277617	13413	U
43.231658	-75.437048	13440	ST
43.02139	-74.990508	13350	ST
43.025447	-74.986796	13350	ST
43.216901	-75.458389	13440	CC
43.210686	-75.457991	13440	CC
43.085284	-75.641624	13421	ER
43.250811	-75.537688	13440	ER
43.222202	-75.444707	13440	R
43.042822	-74.860959	13365	M
43.215846	-75.468821	13440	SR
43.074498	-75.342836	13413	R
43.206424	-75.455928	13440	SR
43.015997	-75.038873	13357	CC
43.043886	-74.973995	13350	SR
43.136825	-75.268637	13403	SR
43.097263	-75.296938	13417	MF
43.212567	-75.459139	13440	V
43.012246	-75.037858	13357	R
43.086053	-75.316972	13413	ST
43.025906	-74.986184	13350	K
43.207137	-75.450543	13440	G
43.228354	-75.492655	13440	M
43.191575	-75.263925	13403	SR
43.021664	-75.039009	13357	M
43.053984	-75.278542	13413	K
43.2061	-75.445142	13440	K
43.231677	-75.439441	13440	ST
43.092981	-75.278847	13413	ST
43.199202	-75.45085	13440	SR
43.078231	-75.612366	13421	ST
43.240589	-75.448643	13440	ER
43.074015	-75.330404	13413	M
43.0894	-74.992128	13350	ST
43.268299	-75.447698	13440	ER
43.040369	-75.072785	13340	SR
43.019127	-74.983709	13350	AS
43.226931	-75.460711	13440	ER
43.210568	-75.46261	13440	ST
43.034734	-75.065525	13340	WT
43.101741	-74.771292	13365	SR
43.137837	-75.274456	13403	ST
43.073516	-75.343462	13413	CC
43.088183	-75.316402	13413	ST
43.229395	-75.438714	13440	M
42.946567	-75.047002	13357	SR
43.021286	-74.981067	13350	ST
43.234596	-75.499925	13440	SR
43.090707	-75.648727	13421	ST
43.086887	-75.313331	13413	M
43.078624	-75.688792	13421	M
43.093105	-75.306752	13413	CC
43.058155	-75.363611	13323	V
43.057815	-75.284464	13413	ST
43.219634	-75.448096	13440	ST
43.077097	-75.643847	13421	ST
43.020608	-74.991153	13350	G
43.0864	-75.314225	13413	ST
43.077272	-75.293893	13413	ST
43.006565	-75.043361	13357	ST
43.083673	-75.327643	13413	ST
43.224727	-75.547425	13440	ER
43.076265	-75.644001	13421	K
43.21663	-75.456015	13440	CC
43.08151	-75.331623	13413	V
43.213724	-75.464371	13440	K
42.962621	-75.255855	13456	SR
43.0763	-75.296983	13413	M
43.091006	-75.278232	13413	K
43.078375	-75.292589	13413	K
43.061561	-75.611163	13421	SR
43.021321	-74.991949	13350	G
43.095387	-75.308785	13413	ST
43.077608	-75.643891	13421	K
43.215135	-75.453799	13440	K
43.071731	-75.285404	13413	ER
43.017608	-75.013319	13350	SR
43.027745	-74.979371	13350	ST
43.020634	-74.991178	13350	U
43.229569	-75.492535	13440	U
43.040143	-75.072333	13340	SR
43.029697	-74.981283	13350	G
43.236217	-75.573778	13440	ER
43.095415	-75.308206	13413	ST
43.02527	-74.987074	13350	G
43.096507	-75.303026	13413	M
43.258885	-75.462408	13440	U
43.084449	-75.327485	13413	ST
43.073367	-75.28862	13413	ST
43.040742	-75.386512	13323	V
43.095435	-75.309626	13413	M
43.072284	-75.289184	13413	CC
43.198629	-75.446855	13440	SR
43.133509	-75.2507	13403	V
43.128804	-74.974706	13350	AS
43.084024	-75.319374	13413	ST
43.078631	-75.644074	13421	SR
43.025796	-74.991505	13350	V
43.078667	-75.641563	13421	CC
43.231618	-75.442001	13440	SR
43.061059	-75.272092	13413	R
43.018786	-74.991315	13350	AS
43.025081	-74.988106	13350	ST
43.036623	-74.86056	13365	ST
43.073136	-75.289465	13413	K
43.053735	-75.278254	13413	ST
43.048363	-75.379067	13323	ST
43.052532	-75.273377	13413	K
43.102928	-75.660275	13421	M
43.048409	-75.380041	13323	K
43.078439	-75.373812	13323	K
43.21628	-75.47301	13440	ST
43.212012	-75.460652	13440	ST
43.045452	-74.859137	13365	ER
43.026384	-74.998122	13350	K
43.028264	-74.988178	13350	K
43.22368	-75.471937	13440	ER
43.068394	-75.287464	13413	K
43.098366	-75.643446	13421	ER
43.212115	-75.336319	13440	SR
43.212034	-75.463086	13440	SR
43.225412	-75.48612	13440	K
43.051177	-75.38357	13323	G
43.043204	-74.860155	13365	ST
43.084598	-75.320357	13413	K
43.048852	-75.378989	13323	ST
43.080005	-75.643126	13421	SR
43.220614	-75.447466	13440	ST
43.091335	-75.660972	13421	ST
43.09198	-75.643273	13421	ST
43.077126	-75.643846	13421	ST
43.23112	-75.443371	13440	CC
43.015134	-75.03627	13357	ST
43.068769	-75.286697	13413	K
43.127059	-75.409734	13440	ST
43.034117	-74.989432	13350	M
43.023288	-74.989241	13350	G
43.048344	-75.379268	13323	K
43.078983	-75.638661	13421	ST
43.078517	-75.645741	13421	K
43.027427	-74.979731	13350	CC
43.207894	-75.460006	13440	K
43.095616	-75.309954	13413	ST
43.044168	-74.860414	13365	K
43.09654	-75.649989	13421	V
43.078003	-75.665129	13421	K
43.019417	-75.0469	13357	CC
43.077447	-75.642541	13421	K
43.07378	-75.293645	13413	CC
43.040407	-75.072761	13340	U
43.044276	-74.853962	13365	SR
43.208923	-75.453117	13440	K
43.094088	-75.305842	13413	WT
43.082913	-75.314714	13413	ST
43.077101	-75.689496	13421	ST
43.210316	-75.462447	13440	G
43.082597	-75.323992	13413	K
43.093794	-75.276856	13413	CC
43.208008	-75.451481	13440	SR
43.047688	-75.378088	13323	R
43.080111	-75.641954	13421	R
42.974061	-75.03667	13357	M
43.084905	-75.319354	13413	K
43.080377	-75.335231	13413	CC
43.092316	-75.644148	13421	V
43.019019	-74.984204	13350	SR
43.036769	-75.068505	13340	R
43.026918	-74.970209	13350	ST
43.022695	-74.991792	13350	K
43.025451	-74.984762	13350	ST
43.019841	-75.045378	13357	CC
43.089255	-75.314092	13413	ST
43.122628	-75.481504	13440	ER
43.057464	-75.636184	13421	ST
42.999765	-75.314621	13456	SR
43.078904	-75.650898	13421	K
43.095461	-75.298763	13417	SR
43.014383	-75.065631	13357	V
43.210187	-75.460528	13440	ST
43.028178	-74.98888	13350	K
43.027317	-75.274047	13413	ST
43.088777	-75.315106	13413	ST
43.094603	-75.308433	13413	M
43.077863	-75.643624	13421	K
43.222405	-75.471925	13440	ST
43.213373	-75.465264	13440	R
43.034393	-75.070495	13340	ER
43.043611	-74.859334	13365	MF
43.056061	-75.271695	13413	CC
43.296236	-75.472441	13440	V
43.075197	-75.682638	13421	SR
43.017796	-75.037714	13357	R
43.207808	-75.462025	13440	V
43.028156	-75.05946	13340	SR
43.082282	-75.315261	13413	ST
43.000205	-74.878768	13365	K
43.096606	-75.276185	13413	M
43.235895	-75.437782	13440	ST
43.040852	-75.622997	13421	ST
43.221183	-75.445738	13440	R
43.082372	-75.315608	13413	K
43.04421	-74.847491	13365	CC
43.027686	-74.982782	13350	CC
43.057338	-75.602884	13421	SR
43.025481	-74.988828	13350	V
43.008473	-75.037486	13357	SR
43.058479	-75.310663	13413	CC
43.224604	-75.33647	13440	ER
43.082098	-75.323092	13413	K
43.227225	-75.478493	13440	SR
43.028914	-75.060258	13340	SR
43.097044	-75.653807	13421	K
43.215706	-75.454112	13440	CC
43.095603	-75.309874	13413	ST
43.042571	-74.860737	13365	ST
43.073154	-75.28919	13413	ST
43.217552	-75.44805	13440	CC
43.095488	-75.30873	13413	ST
43.049422	-75.377776	13323	SR
43.140934	-75.28542	13403	WT
43.17781	-75.3656	13440	ER
43.039885	-75.391537	13323	SR
43.015685	-75.034299	13357	K
43.21744	-75.439034	13440	ST
43.231111	-75.443406	13440	CC
43.08476	-75.326483	13413	SR
43.263891	-75.529508	13440	SR
43.024474	-74.98923	13350	ST
43.083751	-75.339146	13323	ST
43.214609	-75.464845	13440	K
43.061212	-75.36635	13323	SR
43.025001	-74.985297	13350	K
43.230653	-75.459118	13440	X
43.231167	-75.437404	13440	K
43.015971	-75.16799	13340	M
43.225531	-75.536588	13440	V
43.283889	-75.470055	13440	R
43.067762	-74.849362	13365	M
43.069676	-75.343637	13413	SR
43.017463	-74.802365	13365	U
43.021954	-74.991831	13350	R
43.231585	-75.441922	13440	K
43.039176	-75.071076	13340	ST
43.212688	-75.465431	13440	K
43.078279	-75.648378	13421	M
43.094489	-75.651797	13421	R
43.073934	-75.296917	13413	CC
43.093647	-75.310258	13413	ST
43.160871	-75.4353	13440	SR
43.041917	-75.067704	13340	MF
43.018611	-75.032161	13357	ST
43.093289	-75.275069	13413	SR
43.087982	-75.311948	13413	ST
43.083457	-75.683707	13421	ER
43.016346	-75.03471	13357	U
43.095434	-75.309215	13413	ST
43.096017	-75.621741	13421	SR
43.021444	-74.993145	13350	SR
43.187609	-75.480484	13440	SR
43.220898	-75.453569	13440	K
43.07807	-75.295141	13413	ST
43.189187	-75.456814	13440	V
43.083597	-75.315892	13413	ST
43.211804	-75.454721	13440	ER
43.0855	-75.354162	13323	ST
43.175321	-75.420624	13440	SR
43.220042	-75.448012	13440	R
43.239459	-75.437202	13440	K
43.20524	-75.422909	13440	ST
43.078313	-75.663734	13421	ST
43.000144	-75.31464	13456	SR
43.039024	-75.070439	13340	K
43.218925	-75.335556	13440	K
43.070966	-75.286438	13413	ER
43.098352	-75.301442	13417	U
43.082238	-75.29702	13413	R
43.017536	-75.040981	13357	ST
43.212423	-75.460476	13440	ST
43.283105	-75.471446	13440	G
43.071588	-75.293752	13413	SR
43.048041	-75.381873	13323	R
43.09418	-75.279869	13413	K
43.09208	-75.635522	13421	SR
43.204164	-75.433118	13440	G
43.082672	-75.329863	13413	ST
43.050123	-75.378767	13323	K
43.220584	-75.378518	13440	MF
43.08256	-75.315032	13413	K
43.081816	-75.325857	13413	G
43.080251	-75.391573	13323	U
43.055991	-75.28078	13413	CC
43.098999	-75.30349	13417	R
43.22918	-75.439986	13440	U
43.214592	-75.461485	13440	CC
43.092425	-75.651506	13421	CC
43.211085	-75.457704	13440	R
43.077017	-75.291851	13413	SR
43.076822	-75.294007	13413	M
43.093388	-75.652171	13421	SR
43.015185	-75.035726	13357	K
43.019422	-75.04692	13357	CC
43.042747	-74.859196	13365	ST
43.159004	-75.271218	13403	ER
43.050055	-75.379199	13323	ER
43.079995	-75.643283	13421	SR
43.074233	-75.287769	13413	ST
43.21907	-75.478821	13440	CC
42.997594	-75.234885	13456	ER
43.220858	-75.335877	13440	ST
43.231241	-75.497164	13440	ST
43.091653	-75.31543	13413	K
43.191648	-75.440789	13440	V
43.077417	-75.64238	13421	K
43.034279	-75.002287	13350	ER
43.09055	-75.279886	13413	CC
43.223058	-75.484137	13440	ST
43.091419	-75.298293	13417	SR
43.082062	-75.323138	13413	ST
43.219499	-75.462938	13440	ER
43.077612	-75.641985	13421	R
43.078194	-75.648416	13421	SR
43.08265	-75.327965	13413	K
43.095881	-75.652178	13421	K
43.283707	-75.471494	13440	SR
43.082591	-75.31461	13413	SR
43.21197	-75.460662	13440	ST
43.216762	-75.464087	13440	V
43.21934	-75.461688	13440	K
43.238553	-75.436889	13440	K
43.210155	-75.45936	13440	AS
43.024376	-74.985616	13350	K
43.22046	-75.44763	13440	ST
43.039528	-75.07108	13340	R
43.061064	-75.272122	13413	R
43.217111	-75.437671	13440	U
43.216161	-75.457533	13440	CC
43.011995	-75.030012	13357	K
43.095853	-75.650093	13421	K
43.137853	-75.276935	13403	R
43.086367	-75.382414	13323	V
43.094485	-75.27824	13413	K
43.038567	-74.866164	13365	G
43.104459	-75.282377	13417	ER
43.213513	-75.451942	13440	K
43.0724	-75.286284	13413	ST
43.214442	-75.446657	13440	K
43.015937	-74.803672	13365	K
43.224608	-75.486685	13440	K
43.289188	-75.465765	13440	ER
43.093197	-75.6511	13421	R
43.272126	-75.467485	13440	SR
43.07897	-75.652718	13421	CC
43.261945	-75.462515	13440	SR
43.078544	-75.64386	13421	SR
43.237286	-75.501861	13440	R
43.025125	-74.937389	13350	SR
43.077127	-75.643879	13421	U
43.080391	-75.367711	13323	SR
43.28372	-75.471527	13440	SR
43.220022	-75.447773	13440	R
43.242838	-75.455555	13440	CC
43.054889	-75.414437	13323	CC
43.085409	-75.320907	13413	ER
43.081103	-75.315418	13413	WT
43.102197	-75.656812	13421	ER
43.029117	-74.957785	13350	V
43.013007	-75.040043	13357	SR
43.034117	-75.073603	13340	V
43.039548	-75.070961	13340	R
43.02727	-74.979955	13350	M
43.047673	-75.378127	13323	CC
43.047001	-74.868043	13365	SR
43.063085	-75.45197	13323	M
43.219242	-75.446911	13440	R
43.077912	-75.642005	13421	K
43.027527	-74.978782	13350	ST
43.029316	-75.059479	13340	SR
43.09963	-75.281195	13413	R
43.090384	-75.661366	13421	ST
43.056167	-75.280057	13413	CC
43.198904	-75.448401	13440	SR
43.023252	-74.983105	13350	V
43.107234	-75.282663	13417	K
43.081096	-75.3154	13413	ST
43.165396	-75.296138	13403	X
43.21439	-75.453483	13440	U
43.12701	-75.237649	13403	R
43.090998	-75.278247	13413	K
43.078436	-75.689198	13421	K
43.078566	-75.644912	13421	SR
43.044283	-74.857405	13365	K
43.081345	-75.368553	13323	ST
43.276969	-75.46917	13440	ST
43.091577	-75.314962	13413	K
43.067159	-75.321075	13413	ER
43.205816	-75.443968	13440	K
43.086108	-75.316826	13413	K
43.097137	-75.296859	13417	M
43.085426	-75.317907	13413	CC
43.076085	-75.641859	13421	K
43.064008	-75.62035	13421	V
43.060809	-75.295607	13413	ER
43.110944	-75.286182	13417	SR
43.039716	-75.071207	13340	K
43.009938	-75.01887	13357	ST
43.094281	-75.652955	13421	P
43.050912	-75.272069	13413	K
43.210603	-75.588807	13440	SR
43.043559	-74.859508	13365	R
43.191761	-75.342892	13440	G
43.067417	-75.641504	13421	SR
43.075769	-75.288672	13413	ST
43.212173	-75.455496	13440	V
43.093541	-75.30793	13413	K
43.062023	-75.224919	13413	ST
43.072537	-75.289384	13413	CC
43.239511	-75.450493	13440	V
43.223175	-75.484317	13440	SR
43.094833	-75.304913	13413	ST
43.220822	-75.447412	13440	R
43.127504	-74.976955	13350	K
43.19483	-75.438761	13440	SR
43.094851	-75.282635	13413	R
43.019857	-75.04537	13357	CC
43.05512	-75.277097	13413	K
43.05202	-75.272527	13413	K
43.019293	-74.765441	13365	SR
43.081203	-75.098769	13340	SR
43.016857	-75.034943	13357	K
43.214834	-75.469403	13440	K
43.090352	-75.398622	13323	ER
43.073549	-75.288422	13413	ST
43.069958	-75.286762	13413	ST
43.082425	-75.317604	13413	ST
43.072964	-75.288133	13413	K
43.279125	-75.497321	13440	ER
43.037994	-75.069241	13340	G
43.020395	-75.008396	13357	SR
43.027671	-74.982759	13350	CC
43.017696	-75.040198	13357	ST
42.975865	-74.825902	13365	SR
43.04383	-74.860111	13365	U
43.224591	-75.483189	13440	ER
43.094046	-75.651603	13421	R
43.26083	-75.489447	13440	SR
43.09726	-75.29688	13417	ST
43.213375	-75.465243	13440	R
43.033569	-75.449229	13323	SR
43.226264	-75.489101	13440	K
43.142915	-75.290834	13403	ER
43.08025	-75.391617	13323	G
43.014384	-75.044595	13357	CC
42.99351	-75.073109	13357	SR
43.248193	-75.458502	13440	V
43.023732	-74.991846	13350	CC
43.07917	-75.317538	13413	U
43.214697	-75.465165	13440	M
42.931057	-75.113866	13357	X
43.225327	-75.48423	13440	ST
43.02712	-74.987175	13350	ST
43.226208	-75.467384	13440	ER
43.076228	-75.2976	13413	ST
43.015137	-75.036138	13357	ST
43.094829	-75.299785	13417	K
43.0912	-75.660913	13421	K
43.138035	-75.263916	13403	V
43.080136	-75.319767	13413	K
43.074776	-75.299423	13413	K
43.030202	-74.990046	13350	CC
43.227886	-75.491332	13440	ST
43.227464	-75.517223	13440	ER
43.025947	-74.986081	13350	K
43.209987	-75.460817	13440	K
43.07097	-75.286392	13413	V
43.026375	-74.986599	13350	ST
43.022249	-74.821149	13365	ST
43.042978	-74.859695	13365	R
43.12791	-75.238736	13403	K
43.022586	-74.993787	13350	ST
43.030719	-75.395884	13323	V
43.090999	-75.311718	13413	H
43.038577	-75.07062	13340	P
43.083693	-75.322206	13413	K
43.221416	-75.423409	13440	K
43.019246	-75.038366	13357	ST
43.087943	-75.312011	13413	ST
43.015679	-75.036576	13357	CC
43.073741	-75.292605	13413	R
43.03471	-75.065527	13340	K
43.078526	-75.689213	13421	M
43.077257	-75.378876	13323	ST
43.096871	-75.650461	13421	ST
43.106319	-75.661583	13421	SR
43.140827	-75.301126	13403	U
43.036147	-74.961372	13350	V
43.018491	-74.978438	13350	ER
43.081892	-75.365827	13323	CC
43.213515	-75.451927	13440	K
43.198982	-75.469195	13440	G
43.231871	-75.436569	13440	M
43.077167	-75.294098	13413	M
43.087506	-75.314371	13413	ST
43.021654	-75.039052	13357	SR
43.082087	-75.323069	13413	K
43.076667	-75.643936	13421	K
43.01925	-75.031214	13357	G
43.022569	-74.993785	13350	K
43.054411	-74.764821	13365	V
43.220026	-75.425801	13440	R
43.080575	-75.318703	13413	K
43.082571	-75.314648	13413	ER
43.021001	-75.034374	13357	ST
43.021459	-74.982547	13350	CC
43.113889	-75.645919	13421	SR
43.215383	-75.453597	13440	K
43.050205	-75.355854	13323	G
43.04363	-74.859187	13365	K
43.14003	-75.276799	13403	ST
43.083305	-75.640557	13421	ER
43.034115	-74.870892	13365	ST
43.093661	-75.652413	13421	SR
43.210109	-75.462346	13440	ST
43.137901	-75.27568	13403	K
43.135841	-74.817521	13365	SR
43.214173	-75.454566	13440	K
43.073167	-75.293498	13413	CC
43.004102	-75.260097	13456	SR
43.022544	-75.051593	13357	M
43.220193	-75.424149	13440	ST
43.005596	-75.255685	13456	U
43.157508	-75.262053	13403	ER
43.094225	-75.654523	13421	SR
43.015573	-75.049047	13357	K
43.236932	-75.455862	13440	SR
43.044973	-75.380257	13323	V
43.09052	-75.279908	13413	M
43.077251	-75.652487	13421	CC
43.13406	-75.273235	13403	ER
43.076137	-75.64175	13421	K
43.182781	-75.492433	13440	SR
43.093242	-75.659181	13421	K
43.047219	-74.985205	13350	K
43.002698	-74.777583	13365	SR
43.072466	-75.289609	13413	SR
43.077607	-75.64389	13421	K
43.020289	-75.046693	13357	R
43.09802	-75.301561	13417	G
43.235465	-75.435734	13440	U
43.027109	-74.987274	13350	ST
43.1058	-75.291117	13417	P
43.026376	-74.982722	13350	K
43.072737	-75.287154	13413	CC
43.236132	-75.446887	13440	V
43.273275	-75.509731	13440	ST
43.08243	-75.296067	13413	CC
43.231084	-75.439805	13440	K
43.036492	-75.077284	13340	SR
43.080296	-75.391532	13323	U
43.048001	-75.378376	13323	CC
43.095464	-75.29185	13417	K
43.047641	-75.138681	13340	SR
43.096133	-75.650892	13421	K
43.046546	-75.382892	13323	ST
43.095509	-75.306906	13413	ST
43.016385	-75.036399	13357	R
43.093083	-75.279201	13413	CC
43.0362	-75.070553	13340	SR
43.109263	-75.287758	13417	V
43.073465	-75.286721	13413	G
43.01513	-75.215134	13456	R
43.022919	-74.995164	13350	ST
43.032305	-75.006224	13350	ST
43.094031	-75.305743	13413	ST
43.082225	-75.322996	13413	ST
43.095159	-75.652232	13421	ER
43.215121	-75.460038	13440	ST
43.039171	-75.063729	13340	ER
43.229526	-75.439496	13440	R
43.210481	-75.453091	13440	SR
43.038312	-75.070363	13340	U
43.047663	-75.138676	13340	SR
43.071798	-75.331475	13413	V
43.092857	-75.65209	13421	SR
43.091648	-75.650352	13421	CC
43.03877	-75.070785	13340	K
43.261239	-75.456445	13440	V
43.051218	-75.273685	13413	ST
43.227464	-75.517223	13440	ER
43.075573	-75.690896	13421	CC
43.048886	-75.379198	13323	K
43.081579	-75.321547	13413	SR
43.034747	-75.065588	13340	K
43.103148	-75.659048	13421	ST
43.219611	-75.436609	13440	ER
43.091672	-75.650343	13421	CC
43.235792	-75.436704	13440	K
43.035522	-75.072823	13340	ST
43.028114	-74.978049	13350	R
43.074224	-75.287622	13413	ST
43.093689	-75.276151	13413	G
43.025666	-74.985945	13350	ST
43.216183	-75.441963	13440	G
43.117548	-74.983002	13350	ST
43.077585	-75.33819	13413	CC
43.235621	-75.500909	13440	ST
43.028159	-74.977923	13350	SR
43.080214	-75.368388	13323	K
43.047612	-74.986022	13350	ER
43.224695	-75.483367	13440	ST
43.242375	-75.52859	13440	GG
43.043539	-74.857976	13365	K
43.093996	-75.651547	13421	G
43.217076	-75.455215	13440	CC
43.086406	-75.314266	13413	ST
43.078464	-75.114383	13340	K
43.090437	-75.316743	13413	ST
43.027401	-74.979791	13350	M
43.022113	-74.993238	13350	K
43.039003	-74.964405	13350	ER
43.091607	-75.314415	13413	M
43.016891	-74.995988	13350	ST
43.073722	-75.28631	13413	ER
43.231571	-75.437343	13440	CC
43.213464	-75.463856	13440	R
43.012804	-75.029166	13357	SR
43.234334	-75.437909	13440	CC
43.075684	-75.643337	13421	ST
43.095029	-75.304731	13413	R
43.082164	-75.322966	13413	R
43.020997	-74.997329	13350	M
43.080943	-75.319568	13413	K
43.073968	-75.296888	13413	CC
43.086456	-75.316949	13413	SR
43.277516	-75.470196	13440	ER
43.207637	-75.450625	13440	K
43.054316	-75.279249	13413	CC
43.084592	-75.341774	13323	K
43.01222	-75.03792	13357	R
43.073189	-75.289898	13413	ST
43.237342	-75.50536	13440	SR
43.035959	-74.961355	13350	V
43.20909	-75.458487	13440	ST
43.017239	-75.032029	13357	V
43.039062	-74.858972	13365	SR
43.230874	-75.44005	13440	K
43.094575	-75.305254	13413	K
43.079776	-75.643988	13421	R
43.096819	-75.649713	13421	ST
43.023387	-74.989944	13350	CC
43.062645	-75.303587	13413	CC
43.048041	-75.392506	13323	SR
43.013927	-75.036916	13357	ST
43.026342	-74.991416	13350	ST
43.07792	-75.641968	13421	K
43.022569	-74.99379	13350	ST
43.187914	-75.336019	13440	ST
43.097097	-75.30247	13413	R
43.082603	-75.323576	13413	ST
43.049031	-75.378975	13323	ST
43.073552	-75.291791	13413	CC
43.081728	-75.315698	13413	ST
43.232004	-75.496996	13440	SR
43.214946	-75.468082	13440	ST
43.077098	-75.643866	13421	M
43.139102	-75.28331	13403	WT
43.093504	-75.651335	13421	SR
43.081416	-75.321068	13413	K
43.082699	-75.316594	13413	ST
43.226267	-75.473996	13440	V
43.030195	-74.990037	13350	CC
43.218915	-75.335571	13440	K
43.22377	-75.485139	13440	K
43.026322	-74.991442	13350	ST
43.204095	-75.455781	13440	M
43.082678	-75.318051	13413	ST
43.026357	-74.986297	13350	ST
43.228419	-75.492705	13440	CC
43.075575	-75.690901	13421	ST
43.050128	-75.378774	13323	MF
43.106672	-75.291896	13417	ST
43.062395	-75.603237	13421	ER
43.20672	-75.455922	13440	V
43.053452	-75.277913	13413	R
43.235933	-75.45477	13440	V
43.02856	-74.989243	13350	R
43.219836	-75.448107	13440	WT
43.099112	-75.300576	13417	ST
43.017064	-75.034897	13357	SR
43.079928	-75.634861	13421	V
43.073582	-75.321534	13413	SR
43.014393	-75.03744	13357	CC
43.240521	-75.438101	13440	U
43.023939	-74.984925	13350	K
43.079972	-74.930839	13365	SR
43.215095	-75.46719	13440	K
42.997002	-75.255641	13456	SR
43.230364	-75.438857	13440	K
43.010039	-75.040455	13357	K
43.243815	-75.527279	13440	SR
43.087461	-75.660443	13421	V
43.237309	-75.50186	13440	K
43.232639	-75.438949	13440	R
43.051949	-75.375064	13323	G
42.995708	-75.256379	13456	SR
43.214898	-75.444787	13440	V
43.026617	-75.327032	13323	ST
43.204903	-75.429773	13440	WT
43.09179	-75.314113	13413	SR
43.013789	-74.855803	13365	G
43.180441	-75.501519	13440	G
43.021245	-74.991999	13350	K
43.208338	-75.442899	13440	ER
43.071828	-75.327641	13413	R
43.02904	-74.994727	13350	V
43.231248	-75.443325	13440	CC
43.060566	-75.268314	13413	ST
43.13864	-75.275228	13403	G
43.027027	-74.987205	13350	ST
43.052177	-75.367591	13323	M
43.245962	-75.453763	13440	CC
43.012461	-75.030833	13357	WT
43.079268	-75.373585	13323	ST
43.026392	-74.883242	13365	SR
43.226404	-75.48969	13440	U
43.076641	-75.292167	13413	ST
43.095523	-75.31247	13413	K
43.038774	-75.072067	13340	ST
43.076913	-75.296733	13413	SR
43.042824	-74.86094	13365	K
43.085743	-75.081123	13340	ST
43.046769	-75.378453	13323	V
43.215429	-75.466497	13440	V
43.078266	-75.384925	13323	K
43.087846	-75.311167	13413	K
43.209869	-75.45915	13440	K
43.051204	-75.273686	13413	ER
43.296234	-75.472416	13440	V
43.016875	-75.03851	13357	U
43.049075	-75.378968	13323	ST
43.078088	-75.645637	13421	SR
43.221302	-75.46964	13440	ER
43.055744	-75.280287	13413	ST
43.056173	-75.366812	13323	CC
43.027281	-74.980162	13350	ST
43.238607	-75.452778	13440	V
43.23193	-75.442569	13440	R
43.082926	-75.31539	13413	ST
43.039048	-75.071796	13340	R
43.027565	-74.97955	13350	ST
43.108649	-75.287894	13417	K
43.014437	-75.038134	13357	R
43.211278	-75.348914	13440	SR
42.984495	-75.248344	13456	SR
43.219999	-75.425792	13440	R
43.042612	-74.857945	13365	SR
43.048347	-75.379012	13323	K
43.048736	-75.37896	13323	ST
43.207792	-75.452194	13440	M
43.095273	-75.653674	13421	M
43.216902	-75.4738	13440	ST
43.024117	-75.054518	13357	SR
43.215999	-75.472094	13440	M
43.20822	-75.375061	13440	SR
43.026685	-74.981962	13350	SR
43.132865	-75.498628	13440	X
43.044113	-74.856094	13365	K
43.083841	-75.343244	13323	WT
43.210776	-75.462879	13440	ST
43.095722	-75.651925	13421	K
43.073575	-75.288254	13413	K
43.215432	-75.435283	13440	ER
43.204235	-75.433448	13440	CC
43.089898	-75.312143	13413	ST
43.014854	-75.035965	13357	R
43.021856	-74.950798	13350	ER
43.228122	-75.448402	13440	ER
43.237941	-75.456267	13440	CC
42.978798	-75.311399	13456	SR
43.074645	-75.286807	13413	ST
43.212902	-75.466354	13440	ST
43.199044	-75.448664	13440	SR
43.231133	-75.442308	13440	CC
43.027333	-74.980011	13350	CC
43.078477	-75.64459	13421	ST
43.213567	-75.4589	13440	V
43.220538	-75.447578	13440	SR
43.088273	-75.311317	13413	ST
43.30028	-75.472743	13440	ST
43.211147	-75.452477	13440	X
43.081855	-75.661903	13421	V
43.237066	-75.456055	13440	SR
42.997882	-75.21515	13456	SR
43.098691	-75.656302	13421	V
43.135823	-75.261927	13403	ST
43.21503	-75.458789	13440	CC
43.215703	-75.454126	13440	CC
43.072954	-75.287187	13413	CC
43.072321	-75.286797	13413	V
43.208245	-75.462467	13440	GG
43.043856	-74.856825	13365	ST
43.078973	-75.65275	13421	CC
43.212924	-75.461311	13440	SR
43.14254	-75.216444	13403	K
43.090889	-75.318781	13413	G
43.099527	-75.614127	13421	MF
43.207298	-75.457162	13440	K
43.232867	-75.497917	13440	K
43.015872	-75.037963	13357	CC
43.044321	-74.859626	13365	R
43.072953	-75.287198	13413	CC
43.076185	-75.641512	13421	K
43.212852	-75.466189	13440	ST
43.186567	-75.475823	13440	ST
43.217054	-75.474563	13440	CC
43.044026	-74.856413	13365	ST
43.060448	-75.617523	13421	SR
43.284981	-75.470612	13440	K
43.095044	-75.296487	13417	ST
43.004789	-75.256867	13456	R
43.210542	-75.588446	13440	G
43.092332	-75.641968	13421	SR
43.127768	-75.239825	13403	ST
43.076632	-75.292184	13413	ST
43.260192	-75.466299	13440	ER
43.225052	-75.483914	13440	K
43.294555	-75.461074	13440	V
43.199547	-75.449886	13440	HH
43.017167	-74.803621	13365	U
43.024817	-74.986407	13350	K
43.079084	-75.648315	13421	K
43.040196	-74.865558	13365	SR
42.367898	-73.559405	13357	SR
43.01807	-75.033666	13357	SR
43.05361	-75.273085	13413	ST
43.076214	-75.641705	13421	K
43.236473	-75.454112	13440	SR
43.092954	-75.181002	13340	SR
43.059996	-75.591036	13421	K
43.135833	-75.264235	13403	SR
43.049252	-75.379353	13323	G
43.09425	-75.651743	13421	SR
43.079116	-75.644507	13421	ST
43.140045	-75.2761	13403	ST
43.040684	-75.391287	13323	CC
43.015773	-75.034786	13357	G
43.083918	-75.293641	13413	CC
43.042777	-74.859143	13365	ER
43.219563	-75.32732	13440	V
43.035266	-75.077959	13340	ER
43.026851	-74.94787	13350	K
43.022119	-74.993241	13350	K
43.01919	-74.990569	13350	SR
43.061267	-75.055842	13340	M
43.048348	-75.38142	13323	K
43.027452	-74.983228	13350	CC
43.27095	-75.439598	13440	ER
43.016164	-75.035887	13357	ST
43.025109	-74.987526	13350	CC
43.076844	-75.297227	13413	ST
43.215801	-75.452309	13440	M
43.027407	-74.979868	13350	CC
43.016511	-75.039258	13357	R
43.029561	-74.988156	13350	X
43.077216	-75.293663	13413	ST
43.077277	-75.652482	13421	CC
43.023948	-74.984939	13350	MF
43.214482	-75.464553	13440	ST
43.021652	-74.997258	13350	R
43.093943	-75.307747	13413	K
43.076952	-75.611142	13421	K
43.073664	-75.286497	13413	K
43.232094	-75.442403	13440	ST
43.076146	-75.641595	13421	ST
43.035097	-75.071194	13340	SR
43.078975	-75.652742	13421	ST
43.075668	-75.642966	13421	M
43.082239	-75.315626	13413	M
43.091551	-75.314982	13413	K
43.075832	-75.642222	13421	M
43.076749	-75.310709	13413	K
43.07805	-75.665173	13421	K
43.099589	-75.635996	13421	X
43.021874	-75.328133	13323	G
43.213856	-75.464747	13440	R
43.078948	-75.652717	13421	ST
43.075115	-75.317206	13413	ST
43.214282	-75.451223	13440	K
43.018458	-74.99195	13350	K
43.092231	-75.315463	13413	K
43.082623	-75.315725	13413	ST
43.001762	-75.316896	13456	ER
43.23128	-75.440378	13440	CC
43.081207	-75.320559	13413	R
43.076986	-75.687005	13421	SR
43.211977	-75.459678	13440	ER
43.081848	-75.315265	13413	ST
43.075498	-75.640075	13421	CC
43.041553	-74.8647	13365	K
43.080413	-75.367259	13323	GG
43.054848	-75.278784	13413	X
43.093156	-75.306696	13413	CC
43.076509	-75.653524	13421	CC
43.03401	-75.382773	13323	SR
43.102279	-75.659534	13421	CC
43.027403	-74.983481	13350	CC
43.231889	-75.495876	13440	SR
43.084185	-74.821329	13365	SR
43.05562	-75.280663	13413	M
43.083745	-75.645461	13421	K
43.244924	-75.52571	13440	SR
43.07873	-75.637631	13421	ST
43.086921	-75.314765	13413	SR
43.011886	-75.028484	13357	SR
43.048337	-75.379101	13323	K
43.216701	-75.470583	13440	SR
43.052222	-75.374419	13323	K
43.072714	-75.286801	13413	CC
43.216138	-75.454029	13440	R
43.212897	-75.458899	13440	ST
43.031415	-74.874451	13365	SR
43.041988	-75.064274	13340	ST
43.072269	-75.289183	13413	CC
43.180553	-75.381794	13440	SR
43.023448	-74.991228	13350	K
43.135114	-75.262599	13403	SR
43.021559	-75.038481	13357	ST
43.086083	-75.318835	13413	R
43.093427	-75.309007	13413	M
43.110947	-75.286188	13417	SR
43.075348	-75.701371	13421	SR
43.043748	-74.858926	13365	K
43.02475	-74.984954	13350	SR
43.085301	-75.330953	13413	ST
43.089858	-75.671352	13421	ST
43.043166	-74.860279	13365	K
43.024436	-74.978504	13350	V
43.097702	-75.648575	13421	ST
43.04129	-75.079191	13340	SR
43.137631	-75.265969	13403	ER
43.20583	-75.443961	13440	ST
43.093164	-75.653152	13421	U
43.043017	-74.856922	13365	V
43.026913	-74.986096	13350	X
43.091606	-75.314155	13413	K
43.13551	-75.260289	13403	G
43.046938	-75.382701	13323	ST
43.077314	-75.294121	13413	ST
43.047009	-74.845558	13365	ER
43.093161	-75.651034	13421	SR
43.023752	-74.990571	13350	ST
43.034747	-75.065565	13340	WT
43.236568	-75.454866	13440	R
43.213332	-75.456246	13440	CC
43.053864	-75.408905	13323	ST
43.205157	-75.42301	13440	SR
43.055716	-75.280235	13413	CC
43.080356	-75.320856	13413	M
43.082205	-75.323662	13413	CC
43.040459	-74.859237	13365	SR
43.087619	-75.28045	13413	K
43.076928	-75.376665	13323	SR
43.015891	-75.037938	13357	CC
43.220354	-75.447971	13440	ST
43.073921	-75.412907	13323	ER
43.036682	-75.101213	13340	ST
43.09069	-75.648806	13421	CC
43.055208	-75.276567	13413	R
43.050121	-75.378804	13323	CC
43.097772	-75.570184	13421	ER
43.054662	-75.273385	13413	K
43.075749	-75.295728	13413	R
43.035547	-75.392251	13323	CC
43.091523	-75.276715	13413	CC
43.082909	-75.322659	13413	ST
43.052847	-75.273182	13413	U
43.224391	-75.484827	13440	R
43.213456	-75.465241	13440	K
43.210878	-75.454959	13440	ER
43.052926	-75.277025	13413	ER
43.073698	-75.293184	13413	CC
43.085971	-75.667664	13421	SR
43.205768	-75.450236	13440	SR
43.029689	-74.981287	13350	R
43.022318	-74.900249	13365	ST
43.050348	-74.867183	13365	SR
43.08668	-75.316881	13413	M
43.094291	-75.305523	13413	WT
43.295373	-75.473163	13440	K
43.062384	-75.366936	13323	V
43.127792	-75.239865	13403	ST
43.095613	-75.652842	13421	X
43.015291	-75.02719	13357	ER
43.018125	-75.041208	13357	ST
43.08245	-75.318447	13413	K
43.232694	-75.496989	13440	R
43.074742	-75.287193	13413	R
43.083924	-75.327596	13413	ST
43.015952	-75.036266	13357	K
43.087866	-75.31099	13413	M
43.196699	-75.440607	13440	ST
43.088401	-75.311457	13413	ST
43.055319	-75.271589	13413	ER
43.083751	-75.33916	13323	R
43.235705	-75.501062	13440	ST
43.040465	-74.859229	13365	K
43.225003	-75.483795	13440	WT
43.204559	-75.463838	13440	ST
43.211851	-75.459154	13440	ER
43.132417	-75.252365	13403	SR
43.04862	-75.379082	13323	K
43.004658	-75.053833	13357	ER
43.076979	-75.29643	13413	ST
43.208943	-75.442848	13440	ER
43.017059	-74.803092	13365	K
43.230827	-75.437746	13440	K
43.233581	-75.436188	13440	SR
43.078563	-75.642492	13421	SR
43.073812	-75.286233	13413	K
43.083259	-75.321453	13413	ST
43.043178	-74.856995	13365	V
43.075424	-75.690564	13421	ST
43.210697	-75.458004	13440	CC
43.248539	-75.441626	13440	ST
43.233935	-75.437933	13440	K
43.093275	-75.309435	13413	ST
43.078974	-75.652733	13421	CC
43.213101	-75.40037	13440	ER
43.027844	-74.978894	13350	U
43.04933	-75.380178	13323	ST
43.055294	-75.271587	13413	CC
43.075287	-75.289682	13413	ST
43.098598	-75.30276	13417	ST
43.026797	-75.245093	13456	ST
43.087456	-75.312435	13413	K
43.229049	-75.442674	13440	ST
43.073145	-75.289877	13413	M
43.005151	-75.256951	13456	K
43.079577	-75.315982	13413	R
43.044328	-75.080987	13340	M
43.10345	-75.292584	13417	X
43.218361	-75.453124	13440	V
43.024039	-74.987752	13350	U
43.057468	-75.636138	13421	V
43.090883	-75.277262	13413	CC
43.079165	-75.644957	13421	K
43.08753	-75.314187	13413	K
43.015491	-75.036942	13357	ST
43.021097	-75.060873	13357	ST
43.07829	-75.689554	13421	WT
43.08274	-75.328514	13413	K
43.233027	-75.497802	13440	SR
43.048568	-75.381501	13323	P
43.083417	-75.315725	13413	ST
43.090951	-75.179404	13340	SR
43.043267	-74.858854	13365	R
43.05393	-75.270985	13413	CC
43.137895	-75.277495	13403	R
43.023997	-74.976081	13350	V
43.076534	-75.289465	13413	P
43.231265	-75.443302	13440	CC
43.004164	-75.259458	13456	V
43.083241	-75.321733	13413	CC
43.000732	-75.192752	13340	ST
43.093092	-75.650957	13421	K
43.073346	-75.288624	13413	K
43.082027	-75.315121	13413	ST
43.076431	-75.103216	13340	R
43.079956	-75.319023	13413	U
43.225284	-75.425781	13440	SR
43.138163	-75.278249	13403	WT
43.037584	-74.772908	13365	SR
43.235461	-75.43583	13440	U
43.055268	-75.277467	13413	R
43.042727	-74.861206	13365	K
43.235103	-75.437078	13440	ST
43.215642	-75.468309	13440	SR
43.151164	-75.292769	13403	ST
43.051933	-75.375066	13323	U
43.210298	-75.460391	13440	ST
43.060845	-74.764284	13365	M
43.02632	-74.987114	13350	K
43.102231	-75.659677	13421	ST
43.073963	-75.294217	13413	CC
43.01915	-74.990718	13350	SR
43.083936	-75.342153	13323	CC
43.083393	-75.327664	13413	MF
43.043698	-74.859141	13365	ST
43.20489	-75.431544	13440	K
43.132427	-75.252534	13403	ST
43.080979	-75.11681	13340	ST
43.030982	-74.982507	13350	M
43.076495	-75.644017	13421	ST
43.234408	-75.437865	13440	CC
43.074971	-75.288234	13413	K
42.995689	-75.099204	13340	ER
42.994165	-75.103256	13340	SR
43.217642	-75.475515	13440	SR
43.043959	-74.858489	13365	K
43.07333	-75.28904	13413	R
43.210387	-75.453161	13440	K
43.015761	-74.802762	13365	U
43.027561	-74.988645	13350	SR
43.135346	-75.263137	13403	WT
43.097986	-75.301347	13417	K
43.082953	-75.315932	13413	ST
43.054544	-75.271383	13413	K
43.053315	-75.277119	13413	ST
43.052931	-75.273075	13413	R
43.029664	-74.98127	13350	ST
43.076627	-75.688146	13421	R
43.096943	-75.29758	13417	ST
43.209515	-75.463431	13440	ST
43.093089	-75.279202	13413	CC
43.029092	-74.988931	13350	V
43.231926	-75.442596	13440	K
43.095439	-75.309432	13413	ST
43.102809	-75.66095	13421	ST
43.044312	-74.859636	13365	R
43.093702	-75.652602	13421	ST
43.042154	-74.858921	13365	ST
43.082598	-75.32402	13413	ST
43.098151	-75.279098	13413	SR
43.137951	-75.274932	13403	G
43.211629	-75.464555	13440	G
43.137878	-75.277292	13403	R
43.207799	-75.451938	13440	U
43.068072	-75.348254	13323	R
43.082687	-75.316251	13413	K
43.212615	-75.461567	13440	M
43.041404	-74.840739	13365	ER
43.05114	-75.409552	13323	ER
43.244419	-75.454744	13440	K
43.090625	-75.32007	13413	M
43.089884	-75.312703	13413	K
43.031192	-75.165013	13340	R
43.079239	-75.179118	13340	MF
43.077563	-75.295302	13413	K
43.023313	-74.989259	13350	ST
43.199028	-75.448668	13440	SR
43.212538	-75.451637	13440	SR
43.082127	-75.322954	13413	ST
43.049682	-74.988315	13350	SR
43.234351	-75.43793	13440	CC
43.08143	-74.933013	13365	K
43.025587	-75.207375	13456	SR
43.043026	-75.38614	13323	ST
43.08216	-75.323385	13413	ST
43.077323	-75.293025	13413	SR
43.079157	-75.317486	13413	M
43.014077	-75.210524	13456	V
43.133093	-75.256286	13403	ER
43.259017	-75.362125	13440	ER
43.027755	-74.979335	13350	SR
43.053892	-75.277431	13413	G
43.015231	-75.03639	13357	CC
43.044088	-74.856366	13365	ST
43.082069	-75.646746	13421	ER
43.035574	-75.392224	13323	CC
43.039071	-75.072393	13340	K
43.228934	-75.491815	13440	M
43.081879	-75.321958	13413	M
43.098386	-75.302574	13417	SR
43.047777	-74.86758	13365	V
43.074353	-75.300191	13413	R
43.212719	-75.45527	13440	ER
43.050086	-75.085309	13340	SR
43.048018	-75.378918	13323	CC
43.080355	-75.68681	13421	ST
43.135074	-75.260245	13403	K
43.078417	-75.373851	13323	K
43.131823	-75.253462	13403	M
43.016021	-75.211529	13456	SR
43.082689	-75.323227	13413	K
43.014581	-75.036711	13357	ST
43.015962	-75.036254	13357	K
43.082808	-75.315602	13413	M
43.054023	-75.272075	13413	SR
43.219337	-75.475857	13440	ST
43.02608	-74.984991	13350	ER
43.095405	-75.30659	13413	ST
43.093902	-75.276331	13413	U
43.083122	-75.315396	13413	ER
43.055463	-75.229672	13413	CC
43.020417	-74.991371	13350	U
43.073554	-75.291762	13413	CC
43.211125	-75.457676	13440	R
43.015749	-75.036479	13357	ST
43.037564	-75.205172	13413	SR
43.216872	-75.460155	13440	V
43.078034	-75.665835	13421	WT
43.029906	-74.993943	13350	CC
43.216548	-75.474846	13440	ST
43.07742	-75.378188	13323	SR
43.082697	-75.149679	13340	CC
43.205829	-75.444486	13440	K
43.232059	-75.440606	13440	CC
43.231289	-75.4433	13440	CC
43.220045	-75.448113	13440	G
43.082129	-75.315747	13413	ST
43.219579	-75.457944	13440	V
43.03818	-75.070151	13340	R
43.029071	-74.918405	13365	SR
43.04809	-75.379304	13323	M
43.04423	-74.855308	13365	V
43.019842	-75.045369	13357	CC
43.219429	-75.478671	13440	CC
43.202066	-75.450478	13440	ER
43.040363	-75.072782	13340	ST
43.221349	-75.455342	13440	WT
43.095046	-75.306452	13413	ST
43.094043	-75.284574	13413	AS
43.218165	-75.477599	13440	ST
43.082062	-75.323148	13413	K
43.023554	-74.98943	13350	M
43.231957	-75.440652	13440	CC
43.0964	-75.623488	13421	U
43.221666	-75.455639	13440	ST
43.244386	-75.455045	13440	K
43.097116	-75.296901	13417	ER
43.218208	-75.459618	13440	CC
43.073502	-75.28798	13413	K
43.231664	-75.437275	13440	SR
43.235687	-75.501062	13440	ST
43.096612	-75.650957	13421	K
43.005598	-75.25569	13456	SR
43.219943	-75.453243	13440	SR
43.018541	-75.032075	13357	ST
43.073842	-75.293687	13413	R
43.171243	-75.478387	13440	ST
43.223192	-75.456686	13440	R
43.295367	-75.473168	13440	K
43.044187	-74.860402	13365	G
43.043038	-74.859786	13365	R
43.231037	-75.437524	13440	SR
43.083556	-75.315894	13413	WT
43.025821	-74.9881	13350	P
43.082689	-75.330175	13413	ST
43.073246	-75.287491	13413	SR
43.209083	-75.458371	13440	R
43.022626	-75.430756	13323	ST
43.0435	-74.857931	13365	R
43.0371	-75.069029	13340	G
43.095062	-75.652275	13421	X
43.026855	-74.985659	13350	X
43.231591	-75.442001	13440	CC
43.082589	-75.314612	13413	K
43.093315	-75.663237	13421	ER
43.055445	-75.271634	13413	K
43.028338	-74.979498	13350	ST
43.072266	-75.289113	13413	CC
43.073165	-75.293522	13413	CC
43.081125	-75.428914	13323	V
43.130607	-75.247708	13403	K
43.237288	-75.501874	13440	R
43.023333	-74.983028	13350	ST
43.089899	-75.311773	13413	WT
43.177188	-75.322471	13403	SR
43.059745	-75.608801	13421	K
43.038627	-75.069683	13340	R
43.216886	-75.43859	13440	K
43.085715	-75.319951	13413	ST
43.208816	-75.453022	13440	R
43.219934	-75.461914	13440	K
43.233206	-75.361912	13440	SR
43.221192	-75.450852	13440	CC
43.025525	-74.984779	13350	R
43.052164	-74.987698	13350	ST
43.02798	-75.059121	13340	CC
43.096312	-75.653338	13421	X
43.016841	-75.037437	13357	SR
43.102844	-75.661063	13421	R
43.097126	-75.653501	13421	U
43.047683	-75.138664	13340	SR
43.231119	-75.443376	13440	CC
43.082278	-75.315525	13413	ST
43.225552	-75.489369	13440	SR
43.081503	-75.315778	13413	ST
43.214973	-75.471522	13440	K
43.211531	-75.463387	13440	ER
43.092443	-75.650789	13421	CC
43.231601	-75.439575	13440	ST
43.054401	-74.850479	13365	ST
43.220766	-75.447496	13440	K
43.133409	-75.253562	13403	K
43.090966	-75.317009	13413	WT
43.054965	-75.229967	13413	CC
43.048675	-75.392469	13323	V
43.097225	-75.65281	13421	K
43.027433	-74.946038	13350	ST
43.23361	-75.498752	13440	SR
43.135612	-75.261159	13403	SR
43.040453	-74.859254	13365	K
43.02262	-75.007811	13350	SR
42.982451	-75.255028	13456	ER
43.015609	-75.037135	13357	R
43.230938	-75.43755	13440	R
43.253984	-75.455501	13440	V
43.093165	-75.651026	13421	SR
43.133394	-75.257653	13403	SR
43.028218	-75.07379	13340	V
43.079717	-75.318518	13413	K
43.073129	-75.289414	13413	ST
43.229558	-75.439275	13440	ST
43.082704	-75.315165	13413	ST
43.214225	-75.464014	13440	U
43.018775	-74.841747	13365	SR
43.082872	-75.315661	13413	ST
43.142445	-75.287519	13403	ST
43.013391	-75.03374	13357	ER
43.028233	-74.988231	13350	K
43.042702	-74.860266	13365	P
43.170516	-75.413662	13440	V
43.214344	-75.466844	13440	SR
43.277557	-75.470218	13440	ST
43.022946	-74.988779	13350	K
43.210121	-75.462332	13440	R
43.240235	-75.454932	13440	R
43.04652	-74.862109	13365	SR
43.233872	-75.438033	13440	SR
43.21325	-75.466917	13440	SR
43.079084	-75.334713	13413	CC
43.196629	-75.44271	13440	SR
43.233482	-75.438307	13440	SR
43.073018	-75.343419	13413	CC
43.216075	-75.452806	13440	ST
43.036405	-75.065407	13340	WT
43.211659	-75.462265	13440	K
43.219987	-75.437053	13440	ER
43.075315	-75.112154	13340	SR
43.083533	-75.324021	13413	R
43.012219	-75.037916	13357	SR
43.030621	-75.208198	13413	ER
43.054132	-75.279067	13413	CC
43.075369	-75.297523	13413	K
43.073539	-75.288254	13413	G
43.086381	-75.316789	13413	ST
43.044996	-74.85271	13365	ER
43.017047	-74.802652	13365	M
43.022411	-74.982225	13350	CC
43.076492	-75.644061	13421	K
43.13627	-75.266296	13403	ST
43.103294	-75.287641	13417	SR
43.077727	-75.644942	13421	AS
43.089959	-75.648246	13421	V
43.026366	-74.883344	13365	SR
43.096039	-75.62492	13421	AS
43.014861	-75.037414	13357	P
43.209337	-75.45394	13440	ST
43.226956	-75.471798	13440	M
43.053362	-75.272035	13413	U
43.014582	-75.036525	13357	R
43.089387	-75.310721	13413	ST
43.044293	-74.848875	13365	CC
43.215131	-75.470624	13440	U
43.082383	-75.326274	13413	K
43.215476	-75.462886	13440	V
43.07535	-75.651285	13421	SR
43.076885	-75.297103	13413	ST
43.031011	-74.999244	13350	ER
43.029657	-74.988851	13350	SR
43.052612	-75.272326	13413	K
43.090338	-75.316722	13413	ST
43.217427	-75.547906	13440	ST
43.09185	-75.648864	13421	V
43.157238	-75.460746	13440	ST
43.035949	-75.27552	13413	ST
43.080399	-75.3352	13413	H
43.05128	-75.240791	13413	SR
43.082887	-75.322627	13413	K
43.078946	-75.652723	13421	CC
43.205138	-75.423001	13440	SR
43.046884	-74.854634	13365	V
43.05534	-74.977592	13350	V
43.088741	-75.314834	13413	WT
43.050224	-75.408228	13323	K
43.022139	-74.989625	13350	ST
43.076024	-75.681624	13421	SR
43.22018	-75.424111	13440	ST
43.091552	-75.314978	13413	K
43.233302	-75.436785	13440	K
43.075887	-74.849868	13365	SR
43.080438	-75.683291	13421	K
43.015989	-75.037067	13357	ST
43.045372	-75.38335	13323	SR
43.093784	-75.276415	13413	K
43.013375	-75.037575	13357	V
43.020365	-74.993617	13350	SR
43.053952	-75.278449	13413	ST
43.214127	-75.44713	13440	MF
43.027551	-74.979531	13350	ST
43.212531	-75.459134	13440	V
43.07927	-75.644506	13421	K
43.026596	-75.056718	13357	SR
43.13779	-75.276776	13403	K
43.073197	-75.289369	13413	ST
43.095489	-75.623443	13421	U
43.088706	-75.311531	13413	ST
43.076831	-75.641738	13421	K
43.097282	-75.296874	13417	CC
43.020819	-75.033574	13357	SR
43.07605	-75.685404	13421	SR
43.260006	-75.439684	13440	K
43.218657	-75.45404	13440	SR
43.07859	-75.643242	13421	K
43.08553	-75.667515	13421	ER
43.085262	-75.670293	13421	G
43.078966	-75.652722	13421	CC
43.04425	-74.848734	13365	CC
43.231271	-75.443306	13440	CC
43.030196	-74.990061	13350	CC
43.208484	-75.451351	13440	SR
43.049049	-75.37772	13323	K
43.077508	-75.294306	13413	K
43.079064	-75.646403	13421	M
43.204171	-75.433021	13440	U
43.093521	-75.651289	13421	K
43.080795	-75.296793	13413	M
43.277159	-75.470073	13440	ST
43.028878	-74.97994	13350	R
43.230809	-75.437823	13440	M
43.236502	-75.435472	13440	R
43.006564	-75.043343	13357	ST
43.230174	-75.493556	13440	SR
43.055529	-75.2795	13413	CC
43.08041	-75.335215	13413	CC
43.096479	-75.30304	13413	SR
43.07576	-75.704796	13421	K
43.225023	-75.487288	13440	K
43.211759	-75.364108	13440	SR
43.097416	-75.653076	13421	K
43.08353	-75.343215	13323	WT
43.077633	-75.64391	13421	G
43.256232	-75.451232	13440	ER
43.026922	-74.986089	13350	X
43.274794	-75.431168	13440	K
43.078502	-75.31574	13413	K
43.0147	-75.036779	13357	K
42.975985	-75.071455	13357	SR
43.174061	-75.314241	13403	GG
43.182142	-75.483072	13440	X
43.072259	-75.289221	13413	ST
43.28083	-75.403663	13440	SR
43.2208	-75.480875	13440	M
43.017602	-75.032859	13357	U
43.138483	-75.270837	13403	SR
43.076401	-75.103125	13340	K
43.083091	-75.316935	13413	ST
43.048404	-74.986048	13350	ST
43.025796	-74.991507	13350	SR
43.205031	-75.425503	13440	ST
43.034804	-75.324625	13323	SR
43.095241	-75.31244	13413	ST
43.067126	-75.320445	13413	ST
43.135952	-75.278526	13403	ST
43.140685	-75.301218	13403	G
43.221653	-75.456145	13440	V
43.024681	-74.984909	13350	K
43.074222	-75.288392	13413	K
43.037997	-74.819852	13365	SR
43.232106	-75.442419	13440	ST
43.08248	-75.31488	13413	ST
