category	latitude	longitude
K	42.736907	-73.761583
K	42.685038	-73.795296
ST	42.688427	-73.847912
ST	42.684378	-73.841074
CC	42.665407	-73.789131
ST	42.723324	-73.799437
AS	42.687259	-73.852967
ST	42.80444	-73.904591
ER	42.691164	-73.868036
K	42.707591	-73.778429
CC	42.80243	-73.898655
ER	42.745287	-73.750839
V	42.740092	-73.857478
CC	42.672124	-73.790594
ST	42.736471	-73.764436
K	42.735665	-73.702096
U	42.689647	-73.80064
SR	42.737241	-73.793861
M	42.683469	-73.764843
K	42.772709	-73.701099
CC	42.828674	-73.889675
SR	42.7697	-73.892676
X	42.692061	-73.784862
K	42.782535	-73.949551
ST	42.712663	-73.828122
ST	42.690734	-73.866573
M	42.792357	-73.916933
ER	42.71635	-73.705341
ER	42.770849	-73.82427
ST	42.762281	-73.797747
ST	42.760703	-73.882386
CC	42.751387	-73.759384
U	42.70382	-73.816496
CC	42.7389	-73.841064
AS	42.719299	-73.837097
K	42.772436	-73.701242
SR	42.734151	-73.852524
ST	42.755018	-73.874842
V	42.76649	-73.703212
ST	42.73861	-73.820815
ST	42.771836	-73.892613
K	42.803256	-73.861905
AS	42.746027	-73.82355
SR	42.680954	-73.793337
K	42.769312	-73.820049
K	42.66204	-73.776743
CC	42.693894	-73.771915
R	42.697532	-73.810721
SR	42.718875	-73.83293
K	42.70754	-73.774811
CC	42.788715	-73.913851
ER	42.734874	-73.762753
CC	42.725978	-73.761304
CC	42.750844	-73.763383
CC	42.685187	-73.795489
ST	42.762102	-73.796829
ST	42.712662	-73.815294
K	42.719405	-73.806247
SR	42.770406	-73.756088
K	42.783982	-73.916942
ST	42.739298	-73.724774
ST	42.721627	-73.720758
K	42.792497	-73.917102
G	42.686926	-73.854341
M	42.682974	-73.846982
K	42.800112	-73.926733
R	42.761211	-73.792396
ER	42.76451	-73.757898
R	42.756827	-73.776751
CC	42.75783	-73.776787
R	42.758096	-73.78325
K	42.722448	-73.802483
ST	42.815992	-73.894213
R	42.7317	-73.761479
CC	42.73892	-73.841073
ST	42.773654	-73.929989
K	42.678261	-73.827874
V	42.735805	-73.753137
SR	42.787754	-73.941489
ST	42.684463	-73.839396
CC	42.693128	-73.873291
G	42.790549	-73.915089
K	42.784453	-73.907945
K	42.738202	-73.7279
ST	42.789722	-73.941994
CC	42.716155	-73.785706
M	42.744687	-73.863208
CC	42.775226	-73.701649
K	42.770835	-73.824323
U	42.784556	-73.913105
K	42.776982	-73.900595
CC	42.669732	-73.787496
ST	42.689339	-73.849492
K	42.77007	-73.705324
CC	42.68367	-73.771134
SR	42.791681	-73.9401
K	42.689249	-73.851072
M	42.717759	-73.833522
CC	42.827198	-73.906682
SR	42.756369	-73.808831
G	42.733356	-73.855919
CC	42.686398	-73.840996
SR	42.743907	-73.837731
M	42.712724	-73.828014
K	42.784145	-73.918373
ER	42.71481	-73.828575
R	42.781773	-73.954023
U	42.768893	-73.914849
MF	42.658828	-73.768846
K	42.662293	-73.777075
ER	42.763612	-73.808596
ST	42.685541	-73.783449
SR	42.704323	-73.828302
ST	42.757299	-73.758587
ST	42.710449	-73.816166
G	42.715549	-73.831005
SR	42.8009	-73.733903
ST	42.756153	-73.808036
K	42.794878	-73.920818
CC	42.684739	-73.837748
CC	42.758726	-73.776918
M	42.751602	-73.776767
CC	42.689208	-73.849774
SR	42.765422	-73.886644
ST	42.756414	-73.757684
V	42.733492	-73.70831
ST	42.771116	-73.893966
SR	42.688207	-73.800795
K	42.753143	-73.766986
U	42.753566	-73.771388
SR	42.681037	-73.793864
K	42.784103	-73.918558
ER	42.727567	-73.759808
K	42.757196	-73.761489
CC	42.666101	-73.789474
U	42.735114	-73.701118
K	42.757187	-73.761211
ST	42.710072	-73.816776
ST	42.71723	-73.831995
CC	42.725673	-73.936264
M	42.708799	-73.817214
ST	42.732874	-73.855398
CC	42.830041	-73.9034
M	42.689602	-73.850417
R	42.720042	-73.807733
M	42.757238	-73.769073
ST	42.684509	-73.839147
CC	42.674397	-73.815341
ST	42.784241	-73.917989
M	42.705121	-73.857411
K	42.689743	-73.801689
ST	42.748948	-73.890079
SR	42.683114	-73.781913
M	42.682779	-73.841932
ST	42.747986	-73.763642
K	42.799301	-73.947722
K	42.718478	-73.805611
R	42.693583	-73.774509
M	42.756043	-73.758629
CC	42.803457	-73.9002
V	42.773246	-73.898274
ST	42.803572	-73.900153
ST	42.699163	-73.824371
ST	42.689246	-73.850035
ST	42.737133	-73.761757
SR	42.691352	-73.802568
ST	42.756281	-73.7704
ST	42.689208	-73.849817
CC	42.680039	-73.837303
K	42.746258	-73.759119
K	42.710425	-73.816315
CC	42.721451	-73.863616
CC	42.753078	-73.777475
SR	42.829617	-73.895017
ST	42.770285	-73.788898
ER	42.696499	-73.847376
CC	42.829803	-73.892262
V	42.773696	-73.695049
CC	42.713562	-73.813521
M	42.731083	-73.795521
ER	42.710979	-73.816671
K	42.789127	-73.929361
ST	42.701031	-73.819365
ST	42.71372	-73.844773
K	42.71655	-73.808955
ER	42.751233	-73.825663
G	42.684004	-73.838625
CC	42.782561	-73.953109
CC	42.754403	-73.773063
R	42.721763	-73.837152
ER	42.727513	-73.75983
K	42.791128	-73.939341
U	42.705695	-73.777011
K	42.771945	-73.700559
ST	42.714618	-73.845058
SR	42.729478	-73.853502
ST	42.695935	-73.808598
ST	42.690917	-73.867758
K	42.746667	-73.763696
V	42.799013	-73.924035
ST	42.826251	-73.90811
ER	42.750528	-73.946843
ER	42.697405	-73.885536
G	42.781268	-73.904259
CC	42.693121	-73.873266
ER	42.713918	-73.810193
ST	42.726856	-73.844001
M	42.782468	-73.941938
WT	42.725537	-73.850401
CC	42.830734	-73.891029
ER	42.710344	-73.707852
ST	42.713402	-73.828657
R	42.771478	-73.823349
R	42.815731	-73.891577
K	42.735546	-73.76186
R	42.747	-73.758346
V	42.695829	-73.75492
M	42.720146	-73.808808
R	42.720051	-73.80114
ST	42.669233	-73.847017
SR	42.680387	-73.879271
R	42.720832	-73.80909
NN	42.795236	-73.923196
K	42.781692	-73.905095
M	42.761061	-73.818492
ST	42.760118	-73.768497
K	42.661588	-73.777322
U	42.714688	-73.931786
K	42.771704	-73.700969
V	42.7735	-73.700765
ST	42.706435	-73.826421
CC	42.688118	-73.773156
ST	42.784051	-73.945942
ST	42.720661	-73.801921
SR	42.685476	-73.795712
CC	42.693886	-73.771925
ST	42.771623	-73.892733
K	42.710402	-73.817294
K	42.793342	-73.950533
ST	42.755777	-73.76062
ST	42.799794	-73.94804
SR	42.803489	-73.900172
ST	42.777288	-73.934013
M	42.76358	-73.75429
K	42.75355	-73.759975
SR	42.79407	-73.918943
ST	42.757919	-73.819229
ST	42.76222	-73.797467
ST	42.730988	-73.705403
ST	42.755317	-73.776643
M	42.68082	-73.763662
ST	42.740405	-73.736666
CC	42.71582	-73.831401
ST	42.683708	-73.840637
ER	42.736223	-73.796204
ST	42.755741	-73.758011
ST	42.683453	-73.795704
ST	42.689895	-73.852254
R	42.754359	-73.777574
CC	42.697388	-73.885541
ST	42.772325	-73.728146
CC	42.803595	-73.914745
SR	42.668454	-73.847577
CC	42.758698	-73.776906
ER	42.721519	-73.863519
ST	42.688504	-73.849277
K	42.715535	-73.931691
ST	42.743594	-73.749072
R	42.770781	-73.758022
SR	42.704072	-73.817911
SR	42.77634	-73.702159
K	42.725196	-73.796605
SR	42.792188	-73.912939
ST	42.771525	-73.892329
ST	42.717581	-73.812494
V	42.79429	-73.886771
WT	42.783559	-73.745354
ST	42.729512	-73.701863
CC	42.775879	-73.701746
U	42.712719	-73.755855
CC	42.698138	-73.768206
CC	42.759427	-73.82453
ST	42.748349	-73.763433
V	42.801402	-73.896799
R	42.770886	-73.823226
M	42.75789	-73.758734
SR	42.697813	-73.811796
M	42.726959	-73.855068
K	42.798046	-73.924469
ST	42.689305	-73.849295
SR	42.794454	-73.92034
ST	42.688483	-73.849244
SR	42.754202	-73.793756
G	42.816654	-73.88977
U	42.815866	-73.892842
G	42.708839	-73.818266
SR	42.73247	-73.761746
K	42.804701	-73.919195
V	42.766229	-73.939594
ST	42.683819	-73.838831
H	42.768478	-73.760042
ST	42.752867	-73.762948
SR	42.800007	-73.925656
ST	42.770588	-73.823602
ST	42.695167	-73.878799
K	42.74895	-73.763545
X	42.733236	-73.86603
M	42.689147	-73.851127
M	42.726639	-73.851392
K	42.74371	-73.837823
K	42.714549	-73.719006
M	42.734091	-73.762757
K	42.773905	-73.895809
R	42.74897	-73.765253
K	42.731272	-73.706467
K	42.689574	-73.850341
K	42.729356	-73.796755
K	42.774827	-73.891998
G	42.794654	-73.929453
M	42.718437	-73.819013
G	42.786909	-73.711813
CC	42.750788	-73.757955
ST	42.694782	-73.846984
K	42.723501	-73.801217
G	42.773725	-73.825096
ST	42.732963	-73.710283
ER	42.747183	-73.815181
CC	42.803159	-73.901156
ST	42.80478	-73.905497
M	42.688519	-73.797959
ST	42.698428	-73.823707
K	42.783017	-73.949992
K	42.683181	-73.840148
ST	42.684005	-73.838787
ST	42.775378	-73.935384
ER	42.792701	-73.928741
V	42.80143	-73.945144
CC	42.758712	-73.776923
M	42.753648	-73.757458
WT	42.741824	-73.859407
ST	42.729279	-73.700399
ST	42.71064	-73.84325
U	42.770345	-73.89327
ST	42.738804	-73.73132
K	42.729946	-73.84999
V	42.767906	-73.777057
SR	42.756993	-73.77766
CC	42.726773	-73.761052
ST	42.688466	-73.849275
CC	42.807145	-73.910102
ST	42.728392	-73.760958
U	42.772076	-73.685262
SR	42.774125	-73.896188
CC	42.804452	-73.915739
K	42.703344	-73.815815
WT	42.773086	-73.89619
K	42.684632	-73.839474
SR	42.722601	-73.837155
ST	42.728673	-73.759812
ER	42.76201	-73.749863
K	42.663072	-73.775744
U	42.815886	-73.892968
U	42.729228	-73.760118
ER	42.783487	-73.946041
K	42.760977	-73.754672
ST	42.683604	-73.840502
ST	42.807243	-73.912956
ST	42.703196	-73.815552
ST	42.704643	-73.830224
MF	42.771551	-73.70085
SR	42.785715	-73.94439
ER	42.688257	-73.794965
M	42.785633	-73.910561
CC	42.77285	-73.751846
K	42.706349	-73.775363
V	42.814875	-73.90541
R	42.722336	-73.798915
V	42.793807	-73.947203
K	42.703852	-73.775881
SR	42.739538	-73.829494
SR	42.789863	-73.93956
K	42.727926	-73.761193
ST	42.77113	-73.700303
X	42.677105	-73.801308
K	42.685414	-73.765646
SR	42.767451	-73.728639
MF	42.738526	-73.787378
U	42.824373	-73.910795
ST	42.710498	-73.816163
ST	42.747134	-73.814674
CC	42.678284	-73.844595
SR	42.77995	-73.902782
R	42.80556	-73.90742
ST	42.688903	-73.850241
K	42.684456	-73.794164
K	42.733163	-73.762847
M	42.718481	-73.807505
U	42.706746	-73.712206
U	42.712698	-73.755879
SR	42.765905	-73.814018
SR	42.714087	-73.840821
R	42.735582	-73.699903
SR	42.726413	-73.802801
CC	42.772045	-73.75667
CC	42.679657	-73.834657
ST	42.689998	-73.85042
V	42.703026	-73.782441
K	42.746925	-73.75818
ST	42.776255	-73.903104
M	42.731887	-73.70722
CC	42.682144	-73.847723
CC	42.723105	-73.839711
R	42.721157	-73.807069
SR	42.760634	-73.790986
SR	42.667287	-73.79045
R	42.737561	-73.763694
ST	42.711471	-73.814171
SR	42.704755	-73.775649
SR	42.725428	-73.845016
SR	42.787661	-73.91265
AS	42.692466	-73.85
SR	42.767913	-73.890513
ST	42.757466	-73.758649
V	42.787645	-73.904073
CC	42.731962	-73.782801
ER	42.688496	-73.849274
CC	42.709154	-73.863245
CC	42.717083	-73.807622
SR	42.681841	-73.84185
CC	42.774916	-73.89293
K	42.71621	-73.809317
ST	42.68947	-73.850733
SR	42.805031	-73.906037
V	42.758155	-73.926834
R	42.72006	-73.807744
ST	42.770117	-73.891118
ST	42.706463	-73.777643
U	42.715722	-73.812002
CC	42.7916	-73.938931
SR	42.7708	-73.823315
ST	42.683676	-73.840582
CC	42.756967	-73.775176
CC	42.690823	-73.869104
ST	42.709774	-73.816479
ST	42.690127	-73.851497
R	42.721136	-73.808735
ER	42.804365	-73.857662
ER	42.708481	-73.83258
K	42.683508	-73.794695
ST	42.719658	-73.802122
ER	42.713915	-73.846224
SR	42.728212	-73.846487
M	42.75095	-73.764228
K	42.723018	-73.800196
V	42.754845	-73.942857
K	42.723767	-73.79902
CC	42.758112	-73.777234
R	42.688422	-73.778517
M	42.764913	-73.699287
MF	42.79911	-73.947431
G	42.713277	-73.707606
ST	42.664565	-73.78829
V	42.835528	-73.892858
SR	42.728772	-73.761283
MF	42.688902	-73.863079
K	42.73009	-73.758492
ER	42.751846	-73.870161
ST	42.760096	-73.768513
K	42.766297	-73.8146
WT	42.730329	-73.710503
ST	42.783603	-73.90682
WT	42.7177	-73.80451
ST	42.729298	-73.844884
K	42.729877	-73.795334
K	42.714198	-73.706153
R	42.732538	-73.84927
SR	42.802121	-73.727018
G	42.71304	-73.707122
CC	42.688143	-73.773165
CC	42.794535	-73.91961
K	42.771413	-73.892489
ST	42.688505	-73.849272
WT	42.801223	-73.728845
K	42.729015	-73.700381
ST	42.738655	-73.762691
K	42.769724	-73.892663
K	42.778249	-73.709802
M	42.703188	-73.856591
R	42.775385	-73.8337
ST	42.802912	-73.734821
CC	42.758341	-73.777469
ER	42.738091	-73.842403
CC	42.728437	-73.75965
WT	42.684896	-73.848015
K	42.73447	-73.851548
ST	42.683689	-73.840593
K	42.661872	-73.778108
SR	42.761027	-73.791737
ST	42.752978	-73.763409
ST	42.694376	-73.819534
K	42.718644	-73.805538
CC	42.683293	-73.846806
R	42.774258	-73.695947
M	42.767875	-73.890524
ER	42.724932	-73.817652
CC	42.75483	-73.774824
K	42.787665	-73.911774
CC	42.709649	-73.863104
K	42.677415	-73.826979
K	42.755116	-73.772155
K	42.684106	-73.840712
ST	42.742675	-73.796372
SR	42.732142	-73.69946
ST	42.783138	-73.891313
CC	42.788745	-73.913862
V	42.71313	-73.828217
ST	42.725515	-73.852188
CC	42.75811	-73.777241
V	42.694804	-73.887321
SR	42.804436	-73.915745
SR	42.768102	-73.910195
SR	42.706474	-73.823649
M	42.743661	-73.861357
P	42.814845	-73.890487
X	42.72291	-73.703182
K	42.774594	-73.700904
ST	42.702358	-73.813567
V	42.701557	-73.775165
R	42.711389	-73.708551
SR	42.781866	-73.952409
SR	42.789633	-73.942305
SR	42.729893	-73.760115
ST	42.77769	-73.699294
K	42.710747	-73.816206
SR	42.724525	-73.84181
CC	42.722914	-73.839499
K	42.771558	-73.823476
ST	42.733185	-73.854475
SR	42.690615	-73.778868
CC	42.746158	-73.755655
M	42.713644	-73.813421
ST	42.68494	-73.840214
AS	42.759779	-73.929864
CC	42.725791	-73.936058
SR	42.708506	-73.710054
SR	42.752175	-73.871666
U	42.783579	-73.743103
ST	42.710478	-73.815462
U	42.743299	-73.745208
ST	42.708801	-73.817183
K	42.684727	-73.850352
V	42.70361	-73.820033
SR	42.795865	-73.944528
G	42.71351	-73.706716
CC	42.688641	-73.862199
CC	42.672778	-73.812309
K	42.677339	-73.828235
U	42.755256	-73.944034
ST	42.688995	-73.863002
K	42.689695	-73.865858
K	42.690165	-73.865332
F	42.779057	-73.903198
K	42.73108	-73.847768
ST	42.685162	-73.840492
CC	42.685234	-73.838627
U	42.791331	-73.871594
SR	42.693747	-73.773099
SR	42.78931	-73.937595
U	42.783587	-73.912109
ER	42.789731	-73.945061
SR	42.682884	-73.780638
K	42.773881	-73.697937
SR	42.727508	-73.759818
K	42.714561	-73.813699
CC	42.74354	-73.759105
SR	42.679603	-73.834042
R	42.71307	-73.707136
SR	42.676547	-73.824642
ER	42.781819	-73.718636
SR	42.738019	-73.854171
R	42.750249	-73.745592
K	42.754195	-73.759719
AS	42.771056	-73.752911
WT	42.703617	-73.878735
ST	42.775638	-73.701874
ST	42.703606	-73.82749
ST	42.776694	-73.900187
CC	42.71461	-73.828919
CC	42.750717	-73.765892
K	42.728324	-73.759671
SR	42.754205	-73.761223
ER	42.783942	-73.941362
ST	42.773727	-73.891093
SR	42.788311	-73.945106
V	42.802368	-73.895852
CC	42.771808	-73.757442
SR	42.768241	-73.755042
CC	42.666151	-73.789646
K	42.726624	-73.761046
ST	42.708828	-73.8172
CC	42.6661	-73.78947
M	42.798666	-73.925386
ST	42.723755	-73.86162
K	42.700407	-73.821244
ER	42.798631	-73.911093
ER	42.714551	-73.799758
SR	42.746202	-73.711371
SR	42.724519	-73.868965
U	42.732632	-73.850516
MF	42.693591	-73.805008
R	42.780322	-73.954762
K	42.735626	-73.702109
K	42.77067	-73.752263
K	42.683608	-73.838649
AS	42.72473	-73.795534
ST	42.692333	-73.814595
ST	42.688383	-73.848183
K	42.683549	-73.840465
ER	42.672958	-73.847681
G	42.683874	-73.840621
R	42.697427	-73.767541
K	42.718773	-73.835146
V	42.794414	-73.886616
K	42.735722	-73.70794
ER	42.767318	-73.867916
K	42.753421	-73.75705
ST	42.789102	-73.937085
SR	42.784079	-73.94578
K	42.799702	-73.947968
ST	42.746402	-73.758474
ST	42.800098	-73.922999
ST	42.762237	-73.79765
WT	42.701936	-73.826584
WT	42.692334	-73.814601
ST	42.782909	-73.906287
K	42.68934	-73.84841
WT	42.775321	-73.88989
ST	42.727926	-73.761241
G	42.719136	-73.803455
U	42.76331	-73.885306
K	42.771194	-73.936641
WT	42.693137	-73.814267
R	42.764194	-73.938697
SR	42.786554	-73.910189
M	42.725073	-73.840683
SR	42.745835	-73.754592
U	42.765304	-73.754189
ST	42.676927	-73.833999
SR	42.689407	-73.850485
ER	42.740309	-73.731537
ST	42.784014	-73.945877
SR	42.748364	-73.868382
R	42.731234	-73.761433
M	42.751563	-73.794133
SR	42.77011	-73.824248
ST	42.727377	-73.76111
R	42.715515	-73.804143
CC	42.695204	-73.878772
V	42.780611	-73.907644
P	42.722291	-73.75695
CC	42.678292	-73.84456
SR	42.703482	-73.745805
CC	42.727312	-73.779685
K	42.768149	-73.915891
V	42.799862	-73.924531
ST	42.757157	-73.769058
V	42.65884	-73.768862
R	42.783657	-73.911331
CC	42.683179	-73.770057
ST	42.731572	-73.849929
H	42.721585	-73.836553
M	42.73049	-73.761916
K	42.69345	-73.773543
CC	42.74374	-73.749155
K	42.789119	-73.937063
ST	42.745529	-73.809392
ST	42.689282	-73.788546
ER	42.696461	-73.807665
R	42.716403	-73.832998
K	42.71698	-73.813825
SR	42.6909	-73.801817
K	42.735242	-73.762641
V	42.710631	-73.712194
WT	42.69944	-73.825175
R	42.775301	-73.70166
CC	42.75873	-73.776933
ST	42.696056	-73.82408
M	42.753255	-73.78132
R	42.802336	-73.900756
K	42.7399	-73.700789
ER	42.696782	-73.847157
ST	42.747937	-73.866599
U	42.733874	-73.71074
ST	42.71031	-73.816073
SR	42.770938	-73.697942
ER	42.688114	-73.793912
SR	42.686355	-73.797653
M	42.710294	-73.816425
K	42.690534	-73.783291
ST	42.756583	-73.700595
G	42.729182	-73.759901
CC	42.830726	-73.891061
ST	42.69691	-73.883706
CC	42.72503	-73.823001
K	42.689747	-73.849922
M	42.770979	-73.759021
ER	42.811689	-73.861485
R	42.744859	-73.753199
CC	42.772384	-73.821906
SR	42.717648	-73.806344
SR	42.764031	-73.756324
K	42.67801	-73.828885
CC	42.758313	-73.777377
ER	42.689377	-73.774685
M	42.708814	-73.775253
ST	42.728916	-73.846899
ST	42.75565	-73.756064
ST	42.719163	-73.705783
G	42.77389	-73.936077
V	42.794322	-73.951289
ER	42.790073	-73.725116
ER	42.694562	-73.80578
K	42.761906	-73.855203
P	42.708409	-73.777368
WT	42.687741	-73.847465
G	42.753641	-73.756946
K	42.683978	-73.782145
ST	42.71026	-73.816537
CC	42.68542	-73.838932
ER	42.743264	-73.902424
ST	42.69357	-73.774506
MF	42.695629	-73.807114
SR	42.731635	-73.706454
ER	42.692191	-73.810663
K	42.791383	-73.916857
ST	42.710517	-73.81576
SR	42.716931	-73.80769
ST	42.783461	-73.919445
ER	42.761943	-73.930978
M	42.78412	-73.918526
K	42.697045	-73.849361
K	42.762339	-73.7483
K	42.714914	-73.830542
ST	42.734887	-73.762754
AS	42.717705	-73.833482
ST	42.698123	-73.822765
R	42.690546	-73.866184
ST	42.684768	-73.792366
SR	42.79121	-73.91582
R	42.680764	-73.763734
K	42.729406	-73.846901
SR	42.733512	-73.850528
SR	42.677273	-73.824546
ER	42.666156	-73.848196
ST	42.737523	-73.797885
ST	42.677392	-73.823052
CC	42.727013	-73.702401
U	42.774507	-73.698016
HH	42.74553	-73.809404
SR	42.746949	-73.759942
K	42.689499	-73.850735
K	42.76182	-73.799216
ST	42.766669	-73.869697
CC	42.688472	-73.775559
V	42.732688	-73.703883
CC	42.761846	-73.749141
K	42.773455	-73.697185
CC	42.686397	-73.841024
M	42.801034	-73.957087
R	42.801845	-73.898933
K	42.804668	-73.903499
WT	42.805115	-73.904697
K	42.717062	-73.810155
K	42.723293	-73.801405
K	42.772231	-73.712511
R	42.782558	-73.893546
R	42.691918	-73.794348
ST	42.784249	-73.908801
G	42.717782	-73.812513
ST	42.707368	-73.825888
K	42.761874	-73.795985
SR	42.779861	-73.743991
M	42.684775	-73.794972
MF	42.73783	-73.70705
ST	42.684132	-73.838906
M	42.784825	-73.943517
ST	42.747033	-73.76054
G	42.735115	-73.700481
K	42.700903	-73.820532
ST	42.803715	-73.90108
CC	42.685406	-73.838953
M	42.692424	-73.8147
SR	42.687002	-73.86017
ST	42.744892	-73.86295
WT	42.704873	-73.824175
SR	42.715725	-73.84105
K	42.714006	-73.812607
ST	42.723219	-73.79987
ER	42.672473	-73.805317
U	42.808133	-73.912762
CC	42.68644	-73.841015
G	42.757553	-73.776091
G	42.756677	-73.756295
V	42.66633	-73.787492
K	42.774923	-73.89736
M	42.710628	-73.820527
ER	42.766761	-73.689367
ST	42.710694	-73.816164
CC	42.804905	-73.916065
SR	42.688293	-73.801118
ER	42.687982	-73.791329
SR	42.724886	-73.706237
R	42.802921	-73.900521
ST	42.711322	-73.814389
K	42.689354	-73.850557
R	42.68966	-73.85085
ER	42.726908	-73.854194
K	42.663011	-73.775809
ST	42.68423	-73.839167
ER	42.689342	-73.848413
ST	42.815938	-73.894059
SR	42.743363	-73.792174
SR	42.754827	-73.876364
WT	42.735958	-73.794101
ER	42.693836	-73.774098
ST	42.690787	-73.852642
ST	42.746029	-73.86385
M	42.81585	-73.893958
ER	42.80519	-73.90645
SR	42.840226	-73.892465
G	42.815921	-73.893426
K	42.770853	-73.824324
ST	42.688007	-73.849271
ST	42.776648	-73.900248
ER	42.724615	-73.841654
WT	42.695911	-73.811738
G	42.744298	-73.864538
SR	42.738553	-73.791609
CC	42.734967	-73.79297
K	42.677335	-73.823188
ST	42.703592	-73.827491
WT	42.756342	-73.770331
K	42.716912	-73.786519
V	42.709954	-73.781226
V	42.752734	-73.779903
SR	42.688475	-73.849247
ER	42.757027	-73.857472
K	42.685901	-73.853824
SR	42.684198	-73.84095
CC	42.759071	-73.777148
CC	42.684736	-73.837723
MF	42.772539	-73.754361
ST	42.689906	-73.851139
AS	42.69007	-73.850404
K	42.684594	-73.795666
CC	42.810806	-73.90279
CC	42.77109	-73.755868
SR	42.690682	-73.778357
K	42.715338	-73.809026
CC	42.827749	-73.892405
MF	42.794876	-73.920789
CC	42.714968	-73.830578
K	42.711565	-73.708361
ER	42.789296	-73.897639
K	42.754187	-73.761219
V	42.720379	-73.84201
M	42.736058	-73.79394
CC	42.753289	-73.777386
ER	42.777331	-73.891839
K	42.717708	-73.81253
SR	42.715322	-73.812965
ST	42.756536	-73.760449
ER	42.677477	-73.827208
K	42.726119	-73.79739
K	42.689707	-73.865857
CC	42.673403	-73.814416
U	42.7683	-73.938149
SR	42.778541	-73.901442
SR	42.680674	-73.837943
G	42.776115	-73.892438
K	42.716785	-73.808502
ST	42.711082	-73.816137
SR	42.794404	-73.91749
ST	42.710862	-73.815902
ER	42.717517	-73.93585
K	42.761899	-73.796193
K	42.77251	-73.823068
CC	42.803778	-73.914423
CC	42.760086	-73.78648
ST	42.754252	-73.876213
V	42.795758	-73.920708
SR	42.7832	-73.907679
V	42.731059	-73.702854
V	42.742196	-73.702924
K	42.713735	-73.706555
ER	42.783046	-73.890645
K	42.803387	-73.901851
K	42.713943	-73.828158
CC	42.712621	-73.873025
G	42.697171	-73.768856
CC	42.77106	-73.755876
R	42.691837	-73.802818
K	42.762591	-73.798683
SR	42.758411	-73.78475
ST	42.686365	-73.854799
ST	42.773878	-73.700869
K	42.711706	-73.709099
M	42.687071	-73.858675
SR	42.714733	-73.830334
ST	42.689187	-73.848986
ST	42.744538	-73.75223
SR	42.740584	-73.784184
CC	42.805885	-73.908307
ER	42.696039	-73.824105
CC	42.725807	-73.936039
G	42.697847	-73.791439
V	42.712919	-73.709449
K	42.73352	-73.762896
V	42.803873	-73.948489
ST	42.790747	-73.915991
V	42.765462	-73.888864
K	42.730225	-73.761767
ST	42.661959	-73.776835
U	42.815903	-73.892182
K	42.710277	-73.816543
V	42.714549	-73.771312
K	42.720549	-73.836883
U	42.721016	-73.803694
SR	42.765013	-73.755729
SR	42.723153	-73.838597
ST	42.776139	-73.891706
ST	42.688477	-73.849262
M	42.736931	-73.844662
ER	42.773248	-73.700727
ST	42.746907	-73.842344
ST	42.782	-73.918161
CC	42.829166	-73.888855
ST	42.774968	-73.701225
ST	42.776643	-73.90026
SR	42.749326	-73.870176
CC	42.814861	-73.891084
ST	42.74006	-73.859739
ER	42.740889	-73.811961
ST	42.692045	-73.831759
K	42.714475	-73.814041
CC	42.829136	-73.888699
CC	42.683628	-73.770981
ST	42.707038	-73.825718
ST	42.739362	-73.736166
V	42.748761	-73.848885
SR	42.79914	-73.939521
CC	42.680979	-73.847101
U	42.771526	-73.893648
K	42.747013	-73.758643
K	42.774231	-73.700929
ST	42.765768	-73.888447
MF	42.706373	-73.826759
K	42.706359	-73.85914
ST	42.7958	-73.922096
R	42.690539	-73.832021
G	42.738711	-73.762782
ER	42.69846	-73.828731
HH	42.788201	-73.912169
ST	42.814731	-73.731807
CC	42.77215	-73.753017
G	42.757817	-73.758049
K	42.729883	-73.847659
M	42.713303	-73.829961
ER	42.696565	-73.885432
K	42.781546	-73.951712
K	42.700442	-73.818163
ST	42.76992	-73.701756
K	42.762111	-73.752493
ST	42.72349	-73.84031
G	42.689831	-73.86614
K	42.792973	-73.93193
K	42.758614	-73.767203
M	42.712712	-73.82788
SR	42.774592	-73.707067
ST	42.781557	-73.746312
V	42.780601	-73.90768
ST	42.695664	-73.82739
CC	42.726893	-73.759777
K	42.727682	-73.761134
ST	42.746927	-73.758166
G	42.735682	-73.76317
ST	42.725432	-73.853535
R	42.715546	-73.804398
ER	42.766351	-73.795947
ST	42.746309	-73.866073
K	42.715956	-73.706158
M	42.773921	-73.892811
SR	42.673497	-73.816308
SR	42.756439	-73.820353
K	42.676518	-73.824085
K	42.676454	-73.82392
SR	42.772754	-73.715815
CC	42.769628	-73.700693
K	42.713352	-73.813801
K	42.756078	-73.77488
SR	42.781362	-73.905998
K	42.685549	-73.796902
CC	42.745073	-73.753813
R	42.78315	-73.891602
ST	42.688054	-73.84819
WT	42.826185	-73.911496
CC	42.695183	-73.878744
R	42.68845	-73.775511
R	42.717253	-73.807692
ST	42.719177	-73.834116
CC	42.692498	-73.774237
SR	42.68292	-73.800354
CC	42.738959	-73.841272
M	42.794051	-73.918936
V	42.797609	-73.91782
AS	42.725134	-73.799959
ER	42.664087	-73.785649
ST	42.79177	-73.915957
K	42.689255	-73.849854
U	42.7578	-73.758038
K	42.710487	-73.816306
K	42.720716	-73.801966
R	42.692382	-73.872367
CC	42.696331	-73.884515
K	42.677338	-73.826424
K	42.783382	-73.94421
ER	42.726867	-73.761864
AS	42.769309	-73.753054
WT	42.694321	-73.813238
R	42.734693	-73.852817
K	42.773928	-73.703342
ST	42.757181	-73.757012
U	42.67661	-73.822606
SR	42.772072	-73.713883
ST	42.688501	-73.849279
G	42.723224	-73.814673
K	42.776428	-73.899058
AS	42.725857	-73.795512
M	42.742917	-73.742204
ST	42.790275	-73.938484
M	42.788806	-73.936501
CC	42.758936	-73.776967
ST	42.693136	-73.817695
CC	42.758068	-73.777338
SR	42.773105	-73.75845
ST	42.688258	-73.847824
CC	42.706901	-73.766816
M	42.828875	-73.875699
V	42.7302	-73.922401
ST	42.688494	-73.849251
K	42.702174	-73.880172
R	42.659702	-73.773928
ST	42.710388	-73.816291
CC	42.742988	-73.742509
G	42.815854	-73.892003
ST	42.757337	-73.76164
K	42.709453	-73.821807
SR	42.767892	-73.817476
V	42.672897	-73.849298
SR	42.743039	-73.761494
K	42.723575	-73.797366
V	42.679875	-73.842535
ST	42.726049	-73.856118
R	42.747305	-73.923049
V	42.726997	-73.744902
K	42.710755	-73.816207
K	42.724499	-73.700499
U	42.692659	-73.803394
CC	42.665431	-73.789113
G	42.674113	-73.8166
ST	42.785279	-73.941683
ST	42.683213	-73.770136
CC	42.698001	-73.768635
SR	42.727409	-73.842802
K	42.757949	-73.81908
K	42.824831	-73.911306
K	42.728445	-73.846824
K	42.707604	-73.778442
CC	42.68548	-73.839057
U	42.807075	-73.914047
V	42.794185	-73.89393
CC	42.751407	-73.759378
K	42.74094	-73.762567
SR	42.7732	-73.69809
WT	42.716177	-73.841782
K	42.804929	-73.904402
M	42.728677	-73.743134
ST	42.688471	-73.849252
WT	42.695136	-73.815659
K	42.686142	-73.854247
SR	42.769272	-73.754788
AS	42.756746	-73.773084
U	42.754046	-73.700201
SR	42.715663	-73.842652
K	42.773228	-73.896317
ST	42.773989	-73.700888
K	42.710219	-73.816184
SR	42.695944	-73.8817
ST	42.693702	-73.818652
ST	42.702444	-73.830758
SR	42.764415	-73.885283
SR	42.782123	-73.706322
ST	42.712728	-73.828007
R	42.723432	-73.936249
CC	42.721462	-73.83613
ST	42.704651	-73.819134
ST	42.771533	-73.700914
CC	42.79947	-73.904297
K	42.728063	-73.857808
K	42.696355	-73.882363
M	42.751216	-73.760655
SR	42.723383	-73.86409
K	42.71029	-73.816539
SR	42.759565	-73.701053
CC	42.694874	-73.847147
K	42.729114	-73.847161
ST	42.800134	-73.927102
M	42.775515	-73.897615
V	42.695569	-73.761512
K	42.676587	-73.82462
CC	42.807017	-73.909778
SR	42.761844	-73.796151
K	42.804789	-73.904111
K	42.816728	-73.891488
M	42.688467	-73.849259
X	42.736604	-73.792727
K	42.689543	-73.849824
SR	42.774182	-73.69991
ST	42.763011	-73.754694
R	42.760251	-73.819237
ER	42.819378	-73.728358
K	42.754208	-73.761192
SR	42.691054	-73.807764
K	42.783445	-73.912157
ST	42.677354	-73.823185
M	42.687076	-73.858664
U	42.728858	-73.701278
U	42.685773	-73.78275
M	42.754876	-73.774929
ST	42.737821	-73.724066
K	42.77221	-73.712482
SR	42.712735	-73.816592
K	42.713788	-73.813378
ST	42.710592	-73.815133
ST	42.783431	-73.946352
SR	42.717792	-73.80659
ST	42.78726	-73.936231
R	42.728497	-73.85493
CC	42.829137	-73.88867
M	42.693193	-73.873258
ST	42.689236	-73.849818
V	42.774692	-73.951874
CC	42.771859	-73.757462
ST	42.689933	-73.864074
SR	42.751131	-73.778118
K	42.738056	-73.762976
ST	42.776714	-73.906494
U	42.715022	-73.931725
K	42.689311	-73.851121
ST	42.804757	-73.903744
ST	42.719524	-73.801962
R	42.752534	-73.776678
V	42.828154	-73.90569
HH	42.764533	-73.777912
R	42.732339	-73.848583
CC	42.693045	-73.774224
R	42.693229	-73.874839
CC	42.693232	-73.873233
ST	42.73485	-73.793077
K	42.764688	-73.746705
WT	42.741318	-73.792735
AS	42.679105	-73.836356
CC	42.67839	-73.83032
ST	42.780883	-73.953621
K	42.783738	-73.912807
R	42.728492	-73.854948
ST	42.819047	-73.885499
V	42.697366	-73.885537
K	42.803978	-73.903208
SR	42.777235	-73.934079
R	42.774515	-73.952975
ST	42.738084	-73.842255
SR	42.768121	-73.910109
R	42.728394	-73.760929
SR	42.664101	-73.777061
K	42.689413	-73.850691
M	42.774992	-73.89393
X	42.768815	-73.704154
ER	42.775679	-73.701671
ST	42.789158	-73.737591
SR	42.778771	-73.902632
K	42.74637	-73.818746
V	42.767863	-73.77707
SR	42.8214	-73.8988
K	42.73167	-73.762547
ER	42.778719	-73.918313
K	42.794515	-73.919447
ST	42.710713	-73.82039
M	42.736036	-73.763854
WT	42.725402	-73.853532
ST	42.724708	-73.934199
V	42.823749	-73.891694
CC	42.672157	-73.790321
K	42.684213	-73.848562
MF	42.691023	-73.807759
WT	42.730574	-73.760722
AS	42.713013	-73.811481
SR	42.738222	-73.763978
M	42.713641	-73.813423
M	42.695218	-73.878831
ST	42.73768	-73.761735
M	42.743644	-73.749293
ST	42.746527	-73.764228
CC	42.716007	-73.809997
ST	42.778605	-73.886993
ST	42.782597	-73.94277
K	42.703107	-73.815464
K	42.755284	-73.776576
WT	42.689328	-73.848421
K	42.777814	-73.901521
ST	42.717715	-73.752461
ER	42.717241	-73.792536
CC	42.723738	-73.821905
ST	42.73325	-73.849853
CC	42.674981	-73.849611
SR	42.706439	-73.77467
K	42.721692	-73.803266
R	42.769712	-73.892676
V	42.766984	-73.732528
ST	42.738602	-73.820835
K	42.770904	-73.82434
ST	42.707695	-73.822603
SR	42.727454	-73.761132
ST	42.755708	-73.943329
M	42.784011	-73.707647
K	42.771334	-73.824173
K	42.689472	-73.850743
CC	42.805361	-73.904397
ER	42.765479	-73.702654
M	42.783036	-73.94369
ST	42.800002	-73.925666
ST	42.777263	-73.900029
ST	42.710622	-73.815164
R	42.695061	-73.879511
ER	42.692449	-73.774191
K	42.662149	-73.777447
M	42.729388	-73.848974
WT	42.710041	-73.865466
SR	42.724839	-73.841694
ER	42.710939	-73.843606
K	42.685392	-73.840245
ST	42.782744	-73.910442
ST	42.729524	-73.701843
ST	42.698513	-73.812051
M	42.692725	-73.875954
ST	42.755082	-73.875058
K	42.720115	-73.801203
ST	42.688398	-73.847837
MF	42.693683	-73.773323
M	42.786807	-73.944374
WT	42.724427	-73.854717
CC	42.734938	-73.792952
CC	42.761297	-73.940899
X	42.751276	-73.816535
CC	42.671166	-73.807366
SR	42.771987	-73.755309
K	42.68474	-73.839677
ST	42.688507	-73.849242
CC	42.68958	-73.866237
SR	42.789761	-73.938254
CC	42.762799	-73.746007
AS	42.76179	-73.75453
ST	42.804185	-73.902353
ER	42.75955	-73.878768
ST	42.683406	-73.846914
K	42.6896	-73.866211
K	42.718374	-73.805118
CC	42.72744	-73.761851
ER	42.83291	-73.905828
ST	42.777195	-73.890471
K	42.742628	-73.838382
K	42.732851	-73.854856
SR	42.787047	-73.934322
CC	42.693443	-73.873836
R	42.713715	-73.813332
K	42.717302	-73.81287
R	42.772222	-73.75938
ST	42.697692	-73.826828
SR	42.681858	-73.841866
R	42.739384	-73.733967
U	42.740233	-73.735449
M	42.761921	-73.796372
H	42.758727	-73.776899
G	42.742909	-73.837527
M	42.732675	-73.854422
G	42.738071	-73.762586
MF	42.707431	-73.777083
K	42.663953	-73.787089
K	42.81674	-73.891413
K	42.762119	-73.752702
CC	42.827771	-73.892435
M	42.774184	-73.89623
K	42.699138	-73.824891
K	42.729694	-73.697578
K	42.68946	-73.850746
K	42.816523	-73.890751
ER	42.677492	-73.760718
SR	42.720172	-73.808824
ST	42.7393	-73.736142
CC	42.806529	-73.909932
ST	42.709905	-73.816957
ST	42.688638	-73.860518
V	42.694822	-73.887361
R	42.770828	-73.821014
K	42.779898	-73.955365
V	42.71807	-73.778747
R	42.712944	-73.828035
R	42.742474	-73.841271
K	42.734066	-73.852141
K	42.71074	-73.816506
CC	42.803713	-73.914627
ST	42.710777	-73.816542
K	42.745506	-73.809209
M	42.727799	-73.761759
ST	42.709319	-73.81762
SR	42.691183	-73.80634
K	42.710523	-73.816368
SR	42.696382	-73.770087
ST	42.709992	-73.816297
V	42.773201	-73.93572
M	42.685427	-73.838955
U	42.795104	-73.929779
ST	42.723342	-73.838898
K	42.720212	-73.802765
ST	42.780884	-73.953758
SR	42.665595	-73.80639
CC	42.776225	-73.699952
K	42.727214	-73.761105
CC	42.743531	-73.759101
SR	42.795635	-73.950111
ST	42.709343	-73.817157
ST	42.73198	-73.848377
ST	42.729813	-73.845221
V	42.777508	-73.712903
G	42.803158	-73.901162
M	42.731637	-73.704018
K	42.737446	-73.762813
K	42.773378	-73.700818
ST	42.694635	-73.877588
ST	42.70769	-73.822721
ST	42.710086	-73.816971
K	42.689226	-73.850406
K	42.773274	-73.701325
ST	42.705483	-73.823731
M	42.746708	-73.808249
ST	42.711496	-73.820475
R	42.714967	-73.803829
SR	42.709549	-73.864287
K	42.79754	-73.922843
M	42.733143	-73.85749
ST	42.714467	-73.829852
U	40.695309	-73.424546
ST	42.69002	-73.852535
R	42.675913	-73.824044
SR	42.682723	-73.79235
WT	42.687212	-73.842258
M	42.734249	-73.793188
V	42.802662	-73.901567
ER	42.698162	-73.825803
V	42.690151	-73.865008
SR	42.796052	-73.923144
CC	42.678309	-73.836483
SR	42.70399	-73.816791
ER	42.719524	-73.801926
ST	42.778148	-73.900887
ER	42.688205	-73.848131
ER	42.802178	-73.864269
R	42.69349	-73.878192
ER	42.745233	-73.856875
K	42.804563	-73.902858
SR	42.681833	-73.848582
ST	42.710492	-73.816302
K	42.783266	-73.91538
G	42.737866	-73.732134
CC	42.746269	-73.943081
P	42.793803	-73.932297
K	42.707414	-73.776911
SR	42.744539	-73.752268
V	42.814893	-73.905415
SR	42.732136	-73.852942
ST	42.774872	-73.889594
R	42.762204	-73.751126
ER	42.782976	-73.890708
CC	42.803694	-73.91461
R	42.770423	-73.756898
CC	42.665409	-73.789128
ST	42.737729	-73.764677
V	42.775989	-73.70708
R	42.696584	-73.885407
K	42.743667	-73.761276
SR	42.730473	-73.794419
ST	42.773448	-73.88969
ST	42.703456	-73.775973
WT	42.748412	-73.735074
ST	42.748508	-73.763573
CC	42.6855	-73.765634
ST	42.688954	-73.848592
K	42.689205	-73.849919
ST	42.730135	-73.761668
K	42.689579	-73.866211
SR	42.695929	-73.881697
CC	42.758717	-73.776914
ER	42.698479	-73.828763
ER	42.762411	-73.798248
R	42.764063	-73.75471
K	42.739427	-73.736289
ST	42.700274	-73.821522
ER	42.688108	-73.793722
ST	42.683769	-73.8408
G	42.661843	-73.780605
K	42.687136	-73.855534
SR	42.753448	-73.757043
CC	42.753166	-73.781373
CC	42.710232	-73.864099
SR	42.727772	-73.759805
SR	42.791377	-73.871481
CC	42.794638	-73.737774
V	42.726102	-73.701308
R	42.693496	-73.878207
R	42.711698	-73.868104
K	42.692344	-73.775297
R	42.753286	-73.78133
M	42.737465	-73.761732
ST	42.713444	-73.712295
ER	42.771082	-73.755869
ST	42.689436	-73.849623
R	42.769733	-73.754464
ST	42.77995	-73.903118
ST	42.804621	-73.902809
R	42.785103	-73.94395
ER	42.827192	-73.914107
M	42.74602	-73.810001
R	42.672446	-73.809176
CC	42.769573	-73.822378
M	42.690691	-73.808678
ST	42.684902	-73.848016
SR	42.770352	-73.820235
G	42.769518	-73.704183
SR	42.746573	-73.763183
R	42.798891	-73.947445
V	42.796781	-73.922876
ST	42.756384	-73.795612
V	42.702215	-73.752082
G	42.68719	-73.860441
ST	42.697313	-73.781674
CC	42.793745	-73.867798
V	42.705567	-73.818566
SR	42.717223	-73.831845
K	42.769885	-73.892817
ST	42.713709	-73.827805
SR	42.775671	-73.914904
SR	42.704293	-73.825752
SR	42.767524	-73.889133
M	42.770615	-73.823529
ST	42.706708	-73.825231
M	42.705672	-73.823365
ST	42.716425	-73.811809
ST	42.757681	-73.817713
WT	42.710276	-73.816526
ST	42.714656	-73.829072
ST	42.718435	-73.807645
ST	42.685893	-73.796359
ST	42.774886	-73.892885
V	42.748043	-73.758962
MF	42.676572	-73.824316
SR	42.713638	-73.706639
R	42.680754	-73.763691
V	42.756684	-73.757571
ST	42.763796	-73.940207
M	42.7217	-73.863086
K	42.728186	-73.798845
ST	42.718169	-73.832857
K	42.689497	-73.850732
SR	42.767846	-73.752982
CC	42.758334	-73.777465
ST	42.763527	-73.798706
ST	42.737642	-73.861941
ER	42.773814	-73.710918
K	42.770839	-73.824317
CC	42.792557	-73.878992
ST	42.697156	-73.84742
K	42.691684	-73.802689
V	42.801863	-73.949124
P	42.683727	-73.840742
AS	42.720705	-73.799843
CC	42.681886	-73.8486
R	42.730777	-73.700822
K	42.742891	-73.796645
G	42.777154	-73.934199
WT	42.701415	-73.813371
G	42.771987	-73.912671
V	42.720351	-73.841992
V	42.733085	-73.755794
G	42.735312	-73.851939
SR	42.788718	-73.929386
ST	42.684518	-73.849422
V	42.801065	-73.947612
K	42.824821	-73.911317
SR	42.740078	-73.84485
ST	42.689893	-73.852223
G	42.775634	-73.701662
K	42.776654	-73.934382
ST	42.727633	-73.761136
M	42.72736	-73.844818
G	42.661126	-73.774257
AS	42.723775	-73.801818
V	42.662008	-73.775379
M	42.790245	-73.940373
R	42.752044	-73.779246
CC	42.683651	-73.869125
V	42.801494	-73.900963
CC	42.742442	-73.838489
CC	42.830165	-73.896264
ER	42.772535	-73.754344
ST	42.771471	-73.816139
K	42.758079	-73.777248
ST	42.731807	-73.706938
WT	42.702377	-73.83071
SR	42.716087	-73.840441
ST	42.75719	-73.761307
ST	42.701677	-73.876406
NN	42.763972	-73.81309
CC	42.700942	-73.815916
SR	42.811269	-73.732653
ST	42.710683	-73.816067
AS	42.713353	-73.818238
CC	42.68642	-73.841015
SR	42.779399	-73.856683
ST	42.788307	-73.938944
CC	42.678291	-73.836466
K	42.683398	-73.840446
CC	42.758109	-73.777248
P	42.709566	-73.816196
M	42.784008	-73.946279
K	42.742574	-73.741231
ST	42.687875	-73.847267
K	42.714497	-73.845098
AS	42.76832	-73.820286
ST	42.784062	-73.945751
ST	42.745187	-73.863613
ST	42.676227	-73.823715
ST	42.70883	-73.817204
M	42.687078	-73.858652
ST	42.705673	-73.819696
K	42.689343	-73.848391
G	42.708764	-73.77579
ST	42.689144	-73.849841
ER	42.646256	-73.754892
K	42.803749	-73.902601
CC	42.803697	-73.914636
ST	42.712504	-73.819085
ER	42.7146	-73.705346
ST	42.742757	-73.762628
SR	42.767189	-73.88975
K	42.709642	-73.82155
CC	42.693911	-73.771915
ST	42.694383	-73.801155
K	42.779	-73.954993
ST	42.695489	-73.847097
R	42.803474	-73.900192
ST	42.792005	-73.729041
SR	42.73289	-73.79544
ST	42.672308	-73.804741
CC	42.678311	-73.836512
V	42.664223	-73.845519
K	42.770606	-73.822115
M	42.746527	-73.764228
SR	42.767304	-73.814447
K	42.733647	-73.848991
M	42.705774	-73.862216
X	42.719398	-73.707838
SR	42.758206	-73.824451
V	42.666993	-73.786755
V	42.754638	-73.951606
SR	42.748587	-73.867002
K	42.72044	-73.835655
CC	42.704648	-73.830214
K	42.717646	-73.813286
ST	42.677328	-73.826782
SR	42.688099	-73.77314
SR	42.766382	-73.700576
K	42.716697	-73.808994
K	42.772509	-73.893912
CC	42.762275	-73.748277
ST	42.689198	-73.850466
X	42.753056	-73.818646
SR	42.761016	-73.791757
ST	42.742494	-73.838499
SR	42.689884	-73.864517
SR	42.663784	-73.784857
ST	42.782956	-73.94755
SR	42.714937	-73.822029
G	42.737834	-73.724044
CC	42.796757	-73.892816
MF	42.760279	-73.814701
ST	42.708223	-73.776312
ST	42.784396	-73.907944
K	42.770295	-73.700122
ST	42.660052	-73.779469
R	42.693499	-73.878172
CC	42.761988	-73.749857
R	42.7115	-73.81849
ST	42.689228	-73.849798
ST	42.773461	-73.894149
ST	42.689353	-73.849317
K	42.742024	-73.793101
CC	42.830795	-73.891226
V	42.671949	-73.810576
R	42.716038	-73.932412
V	42.73354	-73.717955
M	42.737188	-73.855921
K	42.696904	-73.808498
SR	42.684082	-73.838483
ER	42.706033	-73.711164
G	42.740686	-73.762525
CC	42.701372	-73.813339
M	42.773171	-73.821822
SR	42.666722	-73.790919
P	42.728242	-73.701464
ER	42.708394	-73.775473
ER	42.756395	-73.760554
CC	42.689293	-73.77461
ST	42.772441	-73.891879
SR	42.769581	-73.820774
SR	42.757257	-73.778304
ST	42.69024	-73.851756
R	42.708175	-73.777941
K	42.682978	-73.838436
SR	42.841492	-73.9051
K	42.783102	-73.943773
M	42.697232	-73.825951
SR	42.771767	-73.752389
K	42.78624	-73.943781
ER	42.782845	-73.890544
ST	42.804979	-73.904427
ST	42.747457	-73.866149
CC	42.685436	-73.838957
R	42.715545	-73.810544
K	42.688498	-73.849255
ST	42.689559	-73.850329
SR	42.74071	-73.842938
SR	42.716894	-73.807674
K	42.742196	-73.761382
CC	42.792546	-73.878899
ST	42.775862	-73.889791
CC	42.75984	-73.759728
WT	42.691048	-73.807776
ST	42.724186	-73.700937
K	42.688485	-73.84925
R	42.805542	-73.907419
K	42.682064	-73.839162
ER	42.789111	-73.945679
CC	42.782259	-73.950249
CC	42.708783	-73.831545
ST	42.774801	-73.893021
V	42.724784	-73.701739
SR	42.775508	-73.935261
SR	42.761213	-73.79232
V	42.779134	-73.940886
SR	42.757351	-73.761788
V	42.658833	-73.76885
SR	42.794202	-73.930004
SR	42.767613	-73.690302
M	42.782073	-73.951885
CC	42.694954	-73.772558
CC	42.772385	-73.821917
ST	42.728654	-73.847052
V	42.774588	-73.915598
ST	42.762988	-73.701136
G	42.70191	-73.814185
K	42.729243	-73.700797
SR	42.742406	-73.838491
K	42.800086	-73.928302
K	42.696838	-73.883834
K	42.783029	-73.948365
M	42.767944	-73.821464
CC	42.686613	-73.841355
ST	42.745909	-73.864002
ST	42.689207	-73.849938
ER	42.729838	-73.850278
V	42.797246	-73.891595
SR	42.683185	-73.79269
ST	42.691243	-73.868607
K	42.71664	-73.808846
K	42.729944	-73.850022
R	42.682244	-73.842735
ST	42.77637	-73.899865
R	42.757962	-73.782335
K	42.773687	-73.93493
ST	42.695475	-73.847257
M	42.757732	-73.817678
ST	42.800293	-73.948207
CC	42.678362	-73.83647
ST	42.689917	-73.852237
V	42.766606	-73.938888
CC	42.746119	-73.755627
K	42.684245	-73.79541
ST	42.774503	-73.896782
WT	42.735651	-73.854414
ST	42.734801	-73.762798
K	42.689925	-73.86654
U	42.70565	-73.776955
K	42.748555	-73.760202
ST	42.848633	-73.892511
K	42.742493	-73.838463
U	42.779609	-73.932496
K	42.728403	-73.798589
R	42.720062	-73.796006
G	42.691241	-73.802435
ST	42.710519	-73.816183
G	42.720733	-73.835691
SR	42.689754	-73.851197
ER	42.685426	-73.840305
SR	42.737987	-73.767852
ST	42.723029	-73.936204
CC	42.771065	-73.755877
ST	42.712769	-73.828038
SR	42.725255	-73.839873
ST	42.689752	-73.850969
K	42.723414	-73.936253
G	42.801087	-73.923812
V	42.704174	-73.8552
K	42.732946	-73.701279
AS	42.710117	-73.821245
R	42.790455	-73.936746
F	42.73794	-73.823241
ST	42.703959	-73.817718
G	42.795631	-73.943483
ST	42.714233	-73.810285
SR	42.730504	-73.794409
ER	42.672778	-73.81574
CC	42.684359	-73.794062
ST	42.751016	-73.758551
CC	42.830745	-73.891035
ER	42.737964	-73.724486
ST	42.677288	-73.822722
ER	42.730456	-73.761912
M	42.791812	-73.916263
V	42.795993	-73.93313
V	42.751848	-73.753067
ST	42.794439	-73.930553
K	42.713195	-73.70699
SR	42.750888	-73.760638
M	42.710604	-73.816436
K	42.676813	-73.82493
X	42.675652	-73.822535
ST	42.72292	-73.936191
ER	42.697229	-73.808495
ST	42.683134	-73.838379
ST	42.758709	-73.776912
CC	42.672295	-73.808584
AS	42.71785	-73.83422
K	42.751938	-73.700609
SR	42.732297	-73.849087
ST	42.770654	-73.824382
K	42.710529	-73.816115
ST	42.726988	-73.761063
K	42.689637	-73.866173
M	42.726094	-73.760431
MF	42.726445	-73.855674
M	42.81674	-73.889893
SR	42.788632	-73.92917
ST	42.689576	-73.849782
ST	42.691069	-73.807785
CC	42.76966	-73.822369
SR	42.751559	-73.794294
K	42.708485	-73.821354
ST	42.782232	-73.906413
M	42.746016	-73.810094
WT	42.759295	-73.815337
ST	42.716835	-73.837762
R	42.804659	-73.90385
ST	42.70992	-73.816807
ST	42.69876	-73.812189
ST	42.683863	-73.840902
M	42.683441	-73.839357
R	42.761293	-73.817247
K	42.710904	-73.816326
AS	42.718604	-73.835239
SR	42.684982	-73.794734
V	42.675964	-73.822408
K	42.700883	-73.819602
ST	42.733432	-73.849294
K	42.728915	-73.846921
K	42.74224	-73.762303
CC	42.804347	-73.914963
K	42.753333	-73.760012
K	42.762628	-73.798577
ST	42.688484	-73.849268
SR	42.689476	-73.849895
CC	42.698334	-73.85115
K	42.661082	-73.77861
ST	42.687771	-73.860669
ST	42.746016	-73.761136
V	42.773533	-73.69954
K	42.717711	-73.812719
R	42.781128	-73.955497
M	42.783435	-73.891343
SR	42.759401	-73.761898
SR	42.773188	-73.821792
CC	42.807026	-73.909804
SR	42.778319	-73.71153
ST	42.688314	-73.849191
CC	42.758729	-73.776918
M	42.688082	-73.773163
K	42.781389	-73.905888
G	42.758354	-73.704475
K	42.69519	-73.811648
ST	42.728233	-73.846634
SR	42.686056	-73.796098
CC	42.736942	-73.793872
ST	42.727512	-73.761129
K	42.770322	-73.821507
ST	42.737764	-73.703141
U	42.717629	-73.804434
CC	42.721402	-73.837742
U	42.695863	-73.881401
X	42.65937	-73.768666
SR	42.731816	-73.847765
ST	42.74446	-73.7637
ST	42.848577	-73.889921
K	42.71082	-73.816686
K	42.725179	-73.797514
K	42.715591	-73.704413
MF	42.714023	-73.809911
MF	42.708392	-73.771573
P	42.774182	-73.699796
SR	42.740603	-73.760927
SR	42.815911	-73.893925
SR	42.722259	-73.701341
ST	42.754452	-73.761413
WT	42.691436	-73.853859
K	42.683268	-73.840308
ST	42.689378	-73.850058
K	42.804181	-73.903825
R	42.775152	-73.916968
ST	42.729814	-73.850237
SR	42.75004	-73.765016
K	42.751409	-73.765027
CC	42.764729	-73.811165
SR	42.714615	-73.841547
V	42.742262	-73.855801
K	42.761602	-73.882594
K	42.745052	-73.864672
SR	42.726871	-73.842818
K	42.661144	-73.781813
ER	42.695438	-73.880048
K	42.780932	-73.71027
R	42.74307	-73.840379
K	42.710192	-73.820659
ST	42.745716	-73.763251
CC	42.67827	-73.83649
ST	42.710304	-73.816339
G	42.782563	-73.955081
SR	42.79657	-73.924713
CC	42.76466	-73.811228
K	42.736983	-73.84311
M	42.728619	-73.700459
ST	42.709898	-73.816118
V	42.761149	-73.938298
G	42.775141	-73.953478
V	42.682533	-73.779967
M	42.807572	-73.731727
SR	42.763467	-73.801795
CC	42.805377	-73.907032
CC	42.771763	-73.757453
R	42.693648	-73.873795
K	42.718728	-73.835277
K	42.713428	-73.828631
SR	42.728491	-73.786761
ST	42.733608	-73.938653
HH	42.745531	-73.809369
K	42.691132	-73.86823
ER	42.707377	-73.777244
V	42.787141	-73.92932
K	42.798396	-73.926497
K	42.77417	-73.892854
K	42.664133	-73.785468
M	42.801022	-73.923352
SR	42.724134	-73.84397
M	42.773355	-73.697302
SR	42.698982	-73.822295
M	42.744475	-73.919554
CC	42.803996	-73.916158
K	42.688416	-73.799088
R	42.727862	-73.845498
ST	42.805527	-73.905916
ST	42.751242	-73.7666
CC	42.73378	-73.847579
ST	42.694207	-73.805327
M	42.756975	-73.807812
M	42.81104	-73.734776
CC	42.689122	-73.777035
SR	42.805583	-73.913541
K	42.707222	-73.775966
ST	42.792986	-73.917355
K	42.737885	-73.724209
U	42.784119	-73.911932
K	42.756046	-73.770771
R	42.697511	-73.81073
K	42.75099	-73.76442
K	42.710179	-73.820649
SR	42.786369	-73.909976
ST	42.758918	-73.879355
ST	42.714518	-73.77102
ST	42.68996	-73.850194
ST	42.759044	-73.766723
M	42.76215	-73.752707
SR	42.753084	-73.906143
CC	42.68158	-73.838201
ST	42.767504	-73.889157
R	42.690828	-73.867332
V	42.734283	-73.825688
K	42.772755	-73.701489
U	42.692247	-73.873948
K	42.730927	-73.762102
M	42.765581	-73.815964
V	42.664578	-73.788312
V	42.798039	-73.898452
CC	42.679024	-73.832206
ST	42.723563	-73.840179
V	42.688481	-73.755473
V	42.727081	-73.790212
V	42.669893	-73.818875
R	42.733977	-73.761768
SR	42.738486	-73.729637
SR	42.775915	-73.892732
CC	42.830032	-73.903437
SR	42.688314	-73.801087
ST	42.691166	-73.868022
R	42.681913	-73.848593
CC	42.683312	-73.846751
ER	42.762102	-73.752794
CC	42.726378	-73.937901
ST	42.690499	-73.852455
CC	42.696391	-73.770105
ST	42.689935	-73.851218
ST	42.771579	-73.892715
U	42.735635	-73.939415
K	42.79901	-73.925605
AS	42.722125	-73.804063
K	42.678385	-73.830341
X	42.748887	-73.852164
ER	42.796872	-73.933182
SR	42.757001	-73.777645
K	42.770803	-73.70076
ST	42.689432	-73.84968
SR	42.733469	-73.854809
CC	42.726377	-73.937926
ST	42.750046	-73.854762
ST	42.754174	-73.761187
ST	42.789673	-73.944911
SR	42.70899	-73.86324
G	42.730024	-73.849799
K	42.710635	-73.816884
ST	42.717216	-73.811173
K	42.773263	-73.89191
K	42.701529	-73.815068
R	42.762232	-73.797669
ST	42.715462	-73.932779
SR	42.759566	-73.787273
K	42.781485	-73.905796
ST	42.726907	-73.761049
U	42.686791	-73.854469
K	42.737849	-73.724118
CC	42.697364	-73.885551
M	42.688998	-73.782648
ST	42.76214	-73.797515
G	42.725459	-73.706485
M	42.687088	-73.858675
R	42.680653	-73.837978
V	42.728113	-73.939073
G	42.685714	-73.782747
SR	42.687987	-73.773001
G	42.724138	-73.843986
ER	42.762583	-73.689789
ST	42.755381	-73.776759
M	42.720685	-73.768777
R	42.70647	-73.823653
WT	42.758971	-73.759647
CC	42.695198	-73.878728
CC	42.807814	-73.91177
ER	42.721489	-73.863574
ST	42.750905	-73.764311
ST	42.816557	-73.889153
ST	42.717037	-73.831657
ST	42.691118	-73.868126
ST	42.743211	-73.744346
X	42.819225	-73.885416
K	42.772427	-73.82294
ST	42.68921	-73.849811
ST	42.782995	-73.890811
R	42.682811	-73.838452
CC	42.738958	-73.84127
ST	42.793141	-73.917907
ER	42.687141	-73.858615
ST	42.688465	-73.849281
G	42.770345	-73.823871
R	42.755563	-73.87534
SR	42.695577	-73.79412
M	42.770603	-73.823575
CC	42.714387	-73.804504
G	42.783889	-73.920468
V	42.681589	-73.84104
ST	42.71107	-73.816142
V	42.78895	-73.912718
ER	42.832093	-73.894009
R	42.725854	-73.793712
M	42.689349	-73.85103
K	42.678156	-73.829468
ST	42.774497	-73.830388
K	42.702126	-73.81873
K	42.775185	-73.889375
SR	42.688278	-73.801089
ST	42.748223	-73.763778
ST	42.709635	-73.818295
CC	42.672767	-73.81234
V	42.733053	-73.845017
ST	42.687323	-73.856185
ST	42.689262	-73.849632
ST	42.773007	-73.700755
K	42.786292	-73.912838
R	42.782452	-73.951217
K	42.688468	-73.849244
SR	42.778368	-73.907205
K	42.804658	-73.916152
ER	42.798504	-73.741461
ST	42.745013	-73.753797
CC	42.829147	-73.888684
SR	42.772557	-73.895676
K	42.689204	-73.849816
K	42.689897	-73.849907
M	42.686056	-73.842436
ST	42.689083	-73.849
SR	42.705862	-73.860976
M	42.772857	-73.700785
M	42.740572	-73.807429
ST	42.718111	-73.719554
ST	42.683458	-73.838482
K	42.682208	-73.842194
F	42.761877	-73.794685
K	42.861748	-73.769629
SR	42.777642	-73.713674
MF	42.800416	-73.948792
K	42.753598	-73.75701
V	42.776074	-73.831486
ST	42.785535	-73.910473
SR	42.731957	-73.701484
ST	42.761036	-73.821502
ST	42.710525	-73.816166
V	42.800397	-73.897061
SR	42.700014	-73.808887
K	42.754567	-73.771034
M	42.742009	-73.80846
CC	42.705104	-73.776707
CC	42.668011	-73.797559
K	42.754389	-73.874192
U	42.764868	-73.93813
ER	42.732336	-73.807749
AS	42.677696	-73.828882
ST	42.756002	-73.757904
SR	42.784098	-73.945782
V	42.666384	-73.786234
CC	42.791481	-73.914679
SR	42.768256	-73.755914
CC	42.746542	-73.763198
CC	42.696559	-73.88543
R	42.782172	-73.89046
V	42.770846	-73.702674
K	42.759994	-73.941855
M	42.737635	-73.843722
M	42.771806	-73.757556
K	42.661186	-73.777712
V	42.794933	-73.942668
SR	42.699195	-73.825285
V	42.695788	-73.754605
SR	42.84888	-73.889212
K	42.771407	-73.823282
ST	42.752838	-73.764096
SR	42.769033	-73.89051
ST	42.74377	-73.759987
X	42.779788	-73.721988
SR	42.760991	-73.781874
ST	42.710727	-73.816166
M	42.690826	-73.833479
ST	42.694394	-73.819523
CC	42.781866	-73.950575
K	42.771001	-73.82427
ST	42.720716	-73.804981
ST	42.708827	-73.817206
SR	42.779056	-73.90185
G	42.799954	-73.921478
K	42.71762	-73.803599
ST	42.682878	-73.775515
AS	42.718947	-73.835977
V	42.810576	-73.90407
ST	42.691245	-73.811308
ER	42.800297	-73.723337
R	42.737498	-73.844227
CC	42.685478	-73.839067
G	42.800184	-73.948747
G	42.791591	-73.925015
ST	42.781132	-73.95548
MF	42.716847	-73.837731
K	42.74576	-73.790474
ST	42.7579	-73.762739
M	42.714977	-73.803828
K	42.68852	-73.859655
K	42.70384	-73.775865
CC	42.72441	-73.840002
M	42.713237	-73.813612
ST	42.774043	-73.892864
G	42.765203	-73.700505
X	42.828948	-73.887758
V	42.787318	-73.916594
K	42.700417	-73.821237
ST	42.782599	-73.942692
ST	42.727786	-73.761191
M	42.748327	-73.763573
M	42.688625	-73.860287
M	42.745694	-73.809963
ER	42.665035	-73.84076
V	42.723341	-73.79597
SR	42.739998	-73.738119
K	42.731916	-73.848028
ST	42.804317	-73.904027
SR	42.829007	-73.890163
R	42.802653	-73.899225
ST	42.696301	-73.809039
K	42.766294	-73.814596
CC	42.796776	-73.892792
CC	42.71693	-73.807698
CC	42.688446	-73.776329
ER	42.682746	-73.79672
R	42.779645	-73.955188
G	42.699104	-73.811043
ST	42.795588	-73.921619
ST	42.776894	-73.865969
ST	42.696543	-73.769717
K	42.770986	-73.824246
ST	42.753266	-73.777377
ST	42.745335	-73.752282
MF	42.691354	-73.802223
K	42.730814	-73.703552
CC	42.758703	-73.776905
SR	42.742504	-73.793909
WT	42.70896	-73.715862
F	42.720931	-73.805621
ER	42.796486	-73.859382
SR	42.689766	-73.863606
SR	42.694652	-73.814026
WT	42.711072	-73.816108
ST	42.730689	-73.847198
ST	42.684754	-73.839813
K	42.736149	-73.853293
SR	42.788692	-73.861272
R	42.804622	-73.904941
ST	42.697015	-73.887659
CC	42.684716	-73.83775
K	42.764358	-73.869238
K	42.686523	-73.855414
ST	42.710955	-73.815553
K	42.730821	-73.703559
K	42.677409	-73.823463
M	42.774182	-73.712058
H	42.683858	-73.771375
CC	42.738521	-73.787368
ST	42.804912	-73.905781
M	42.827787	-73.892445
ST	42.662724	-73.77661
SR	42.693516	-73.76433
CC	42.705112	-73.776824
M	42.710513	-73.816155
K	42.765636	-73.813181
R	42.720162	-73.81001
ST	42.688867	-73.848698
R	42.784252	-73.94448
R	42.715162	-73.812896
R	42.748818	-73.867743
WT	42.711307	-73.814461
V	42.793552	-73.943645
SR	42.755416	-73.875167
ST	42.690105	-73.852028
MF	42.728378	-73.78842
SR	42.706485	-73.81678
V	42.776068	-73.831456
ST	42.754943	-73.756315
K	42.689228	-73.848955
ST	42.737789	-73.764668
SR	42.760983	-73.791721
V	42.666308	-73.787503
R	42.753293	-73.777344
ST	42.689458	-73.850723
K	42.66294	-73.774454
K	42.689235	-73.849815
ER	42.775536	-73.750573
K	42.748729	-73.763397
WT	42.728895	-73.847077
X	42.733028	-73.75025
V	42.712394	-73.827842
ST	42.710329	-73.710015
V	42.716007	-73.832173
ST	42.720476	-73.80468
AS	42.677292	-73.828334
V	42.735455	-73.705719
AS	42.755846	-73.774217
SR	42.712776	-73.82794
SR	42.772159	-73.71568
U	42.677295	-73.82431
K	42.730165	-73.849452
ST	42.768095	-73.910109
CC	42.685466	-73.839041
U	42.727449	-73.795532
M	42.763611	-73.754221
ST	42.740202	-73.859615
K	42.784812	-73.943764
CC	42.772592	-73.752226
SR	42.705702	-73.777427
R	42.816415	-73.89286
K	42.718279	-73.834088
ER	42.686423	-73.782441
MF	42.793262	-73.944842
CC	42.753292	-73.777352
ST	42.707037	-73.807552
K	42.716895	-73.80846
SR	42.746926	-73.786805
K	42.709661	-73.821585
CC	42.758083	-73.777251
R	42.772323	-73.822036
K	42.773264	-73.893978
K	42.730332	-73.703089
ST	42.700026	-73.822027
K	42.725047	-73.80015
X	42.774575	-73.699612
ER	42.785337	-73.710877
SR	42.68939	-73.862579
M	42.712971	-73.814308
K	42.704814	-73.86074
K	42.71532	-73.812924
K	42.760251	-73.697947
K	42.783191	-73.910895
ST	42.749128	-73.761655
R	42.802937	-73.900564
ST	42.709008	-73.816826
R	42.746911	-73.75969
R	42.717933	-73.812651
ER	42.689334	-73.848415
ST	42.754621	-73.756357
M	42.728833	-73.84619
K	42.805532	-73.906023
CC	42.726869	-73.93813
M	42.786552	-73.911351
K	42.785064	-73.945644
X	42.744571	-73.902084
V	42.795213	-73.884033
K	42.717395	-73.813001
K	42.708678	-73.775701
R	42.725252	-73.839879
R	42.717713	-73.806687
V	42.666364	-73.786251
V	42.741521	-73.778478
K	42.690079	-73.867062
ST	42.710948	-73.815484
CC	42.770401	-73.756927
ST	42.690037	-73.851763
ST	42.727367	-73.706297
M	42.695812	-73.84723
SR	42.716924	-73.807675
ST	42.695324	-73.84611
CC	42.687993	-73.773034
SR	42.764469	-73.886834
R	42.768841	-73.819497
SR	42.791222	-73.91582
SR	42.683229	-73.794315
K	42.729965	-73.850066
ST	42.689647	-73.849856
AS	42.725589	-73.798677
CC	42.758312	-73.777438
K	42.755425	-73.7735
CC	42.783757	-73.916772
K	42.689465	-73.850735
ST	42.690094	-73.852034
SR	42.779921	-73.848441
SR	42.78376	-73.934934
ST	42.705075	-73.819058
ST	42.784569	-73.742804
ER	42.742464	-73.838542
ST	42.735351	-73.853674
K	42.800047	-73.927203
SR	42.803371	-73.901582
K	42.677241	-73.82651
K	42.788869	-73.93666
R	42.716683	-73.810444
K	42.684908	-73.794793
SR	42.740032	-73.738252
SR	42.752371	-73.855974
K	42.805548	-73.905993
M	42.715708	-73.829776
K	42.807497	-73.913531
K	42.726748	-73.795123
CC	42.80242	-73.8999
ER	42.78134	-73.745011
K	42.731831	-73.847787
U	42.686847	-73.854436
SR	42.771964	-73.701007
ST	42.717675	-73.803877
WT	42.701344	-73.8302
ST	42.736102	-73.764399
K	42.689956	-73.866612
CC	42.726884	-73.938158
WT	42.695523	-73.847106
G	42.755792	-73.760612
ST	42.727556	-73.75983
CC	42.769627	-73.700704
CC	42.703589	-73.859793
K	42.745783	-73.809611
V	42.695123	-73.805951
ST	42.777596	-73.934039
ST	42.693677	-73.773276
CC	42.683263	-73.846759
SR	42.688997	-73.796704
ST	42.708811	-73.817191
R	42.755455	-73.759297
ST	42.684353	-73.839335
K	42.770946	-73.824288
CC	42.805369	-73.907028
SR	42.693404	-73.845769
ST	42.71904	-73.80738
AS	42.754229	-73.816283
ST	42.710964	-73.815432
ST	42.786661	-73.929672
K	42.832105	-73.894039
SR	42.789109	-73.936008
ST	42.714898	-73.811533
CC	42.76626	-73.730867
V	42.733282	-73.782052
K	42.755108	-73.759415
ER	42.776757	-73.683691
CC	42.685428	-73.838928
K	42.710722	-73.805298
K	42.772674	-73.687646
K	42.725893	-73.793933
ST	42.684869	-73.840906
MF	42.792076	-73.917889
K	42.717226	-73.71789
CC	42.665436	-73.789093
K	42.737829	-73.724098
CC	42.772683	-73.757839
ST	42.752683	-73.778723
CC	42.727983	-73.772921
K	42.738198	-73.727922
SR	42.722193	-73.80065
ER	42.721169	-73.741334
M	42.703091	-73.858777
ST	42.8037	-73.902473
ST	42.696473	-73.810133
ST	42.689425	-73.849447
K	42.73778	-73.771991
ST	42.730406	-73.849149
V	42.798558	-73.924937
M	42.731917	-73.707215
K	42.720935	-73.799326
ST	42.711972	-73.819682
CC	42.679827	-73.83494
CC	42.694247	-73.773504
CC	42.807841	-73.868569
R	42.762812	-73.820463
ER	42.780978	-73.708971
ST	42.730893	-73.702068
SR	42.734222	-73.734697
K	42.730627	-73.848301
M	42.770388	-73.756921
CC	42.72196	-73.807473
R	42.768854	-73.82324
SR	42.707949	-73.778814
CC	42.77836	-73.932987
V	42.74821	-73.779157
SR	42.772513	-73.823043
CC	42.773316	-73.892766
ST	42.707348	-73.774717
ST	42.771196	-73.914691
ST	42.750718	-73.774019
ST	42.750814	-73.868708
ER	42.731992	-73.778143
K	42.762414	-73.883425
ST	42.770572	-73.823581
ER	42.754204	-73.761211
ST	42.683336	-73.838423
M	42.684121	-73.840776
ST	42.694542	-73.807604
SR	42.802402	-73.955766
ER	42.695119	-73.847815
K	42.693692	-73.773311
SR	42.662932	-73.779353
CC	42.701164	-73.849477
ST	42.701946	-73.814124
ST	42.786208	-73.912589
CC	42.685419	-73.838967
SR	42.733169	-73.793407
CC	42.781793	-73.954027
ST	42.72622	-73.852952
K	42.783866	-73.743557
K	42.804778	-73.903818
K	42.783597	-73.742879
CC	42.688469	-73.775387
SR	42.795857	-73.944541
WT	42.701002	-73.819428
ST	42.732175	-73.706835
R	42.695026	-73.879491
ST	42.77388	-73.892841
AS	42.746499	-73.818826
K	42.698927	-73.810796
K	42.714689	-73.812066
M	42.770314	-73.75943
ST	42.708578	-73.821023
M	42.727541	-73.761318
ST	42.690382	-73.865571
U	42.732826	-73.711851
SR	42.795633	-73.943413
CC	42.710336	-73.864108
ST	42.730807	-73.705789
WT	42.781873	-73.705226
K	42.690559	-73.853153
K	42.74414	-73.919427
ST	42.706246	-73.821089
M	42.729113	-73.700696
ST	42.745462	-73.760606
WT	42.741349	-73.792774
ER	42.689487	-73.850746
ST	42.774066	-73.700901
K	42.689479	-73.850733
CC	42.697963	-73.768608
ST	42.751637	-73.761441
SR	42.765146	-73.940002
K	42.712954	-73.814352
R	42.772494	-73.823027
K	42.695616	-73.847325
CC	42.762899	-73.799204
K	42.783617	-73.91365
ST	42.763288	-73.85458
K	42.752241	-73.759118
ST	42.754399	-73.766667
WT	42.782031	-73.950527
K	42.787319	-73.940841
SR	42.738033	-73.761505
G	42.707488	-73.712385
CC	42.77245	-73.822873
CC	42.718689	-73.808149
K	42.696813	-73.886328
SR	42.731268	-73.776535
ST	42.734053	-73.791498
M	42.789684	-73.944942
K	42.689363	-73.850217
G	42.694446	-73.80565
CC	42.683415	-73.846878
M	42.743934	-73.749744
CC	42.75831	-73.777453
R	42.725789	-73.793734
ST	42.783502	-73.947359
V	42.733463	-73.708309
CC	42.72595	-73.841715
K	42.677283	-73.824231
ER	42.714626	-73.841737
ER	42.734681	-73.704599
ST	42.710436	-73.816552
SR	42.801765	-73.916837
K	42.764138	-73.801702
G	42.714277	-73.812002
SR	42.742381	-73.83851
V	42.765978	-73.780149
M	42.706863	-73.711413
ST	42.70408	-73.85865
ST	42.688495	-73.849236
CC	42.786926	-73.942191
V	42.780156	-73.893908
CC	42.723092	-73.839745
K	42.789098	-73.937053
K	42.708354	-73.775411
CC	42.807502	-73.912333
ST	42.799379	-73.925853
K	42.696852	-73.768007
M	42.71322	-73.839421
U	42.795144	-73.929756
R	42.716722	-73.804756
ST	42.816405	-73.891045
ST	42.671958	-73.810609
V	42.773352	-73.935421
ST	42.700711	-73.814188
ST	42.747405	-73.7637
U	42.758491	-73.928004
ST	42.692714	-73.872962
SR	42.700815	-73.828802
V	42.742823	-73.75904
ST	42.748058	-73.759603
ST	42.683777	-73.777482
ER	42.715172	-73.78514
SR	42.787426	-73.91149
K	42.767987	-73.693652
ST	42.783562	-73.921789
SR	42.732933	-73.7108
V	42.757126	-73.745621
K	42.748725	-73.763476
WT	42.728852	-73.850985
ST	42.76102	-73.793499
ST	42.771164	-73.700787
K	42.800838	-73.926626
V	42.758057	-73.752822
K	42.691131	-73.868195
ER	42.697749	-73.824148
K	42.705393	-73.775306
M	42.689222	-73.80108
ST	42.754199	-73.761196
SR	42.74262	-73.7614
K	42.769918	-73.915224
K	42.803307	-73.901474
K	42.688653	-73.849068
AS	42.687027	-73.852669
K	42.740966	-73.762574
ER	42.733619	-73.850361
CC	42.690274	-73.776588
U	42.717586	-73.832441
G	42.702527	-73.882126
G	42.691414	-73.782612
V	42.724442	-73.759681
K	42.729287	-73.700583
CC	42.686447	-73.841023
SR	42.757891	-73.881049
V	42.742531	-73.93387
ST	42.716648	-73.831121
CC	42.696369	-73.770096
K	42.737989	-73.855393
V	42.802345	-73.90073
SR	42.803454	-73.901818
M	42.768699	-73.822393
V	42.736151	-73.730809
M	42.687231	-73.858547
ST	42.737948	-73.85535
CC	42.802135	-73.897875
U	42.747475	-73.759532
R	42.72785	-73.7598
SR	42.749108	-73.867427
SR	42.75953	-73.897373
AS	42.772475	-73.937528
CC	42.806563	-73.909955
ST	42.709608	-73.817891
K	42.744669	-73.838122
CC	42.82721	-73.90671
WT	42.774507	-73.952973
K	42.703176	-73.815418
M	42.791664	-73.872123
ER	42.773163	-73.700834
ST	42.689252	-73.849209
X	42.751161	-73.815792
K	42.680821	-73.83858
CC	42.692996	-73.804264
ER	42.701727	-73.85024
R	42.743739	-73.836724
ST	42.689504	-73.850764
ST	42.772513	-73.893827
K	42.710486	-73.816353
M	42.684537	-73.839476
K	42.756178	-73.770498
CC	42.75814	-73.777384
X	42.701382	-73.851306
M	42.791642	-73.916353
SR	40.741329	-73.984233
CC	42.738943	-73.841259
V	42.742171	-73.748474
ST	42.77947	-73.903611
ST	42.736438	-73.761397
CC	42.681897	-73.848589
ST	42.688657	-73.849043
G	42.753198	-73.757139
R	42.685404	-73.838913
ER	42.724444	-73.851716
ST	42.696775	-73.847426
V	42.666368	-73.786138
ST	42.781047	-73.905239
K	42.700804	-73.820945
CC	42.769618	-73.822374
R	42.734248	-73.851406
ST	42.73404	-73.762788
M	42.679923	-73.764784
ST	42.785598	-73.945359
ER	42.708786	-73.775287
ER	42.712637	-73.827697
ST	42.752828	-73.764097
V	42.781697	-73.932067
MF	42.773468	-73.684707
SR	42.714853	-73.839566
ST	42.803143	-73.901121
U	42.748344	-73.910531
ST	42.716302	-73.9316
ER	42.774189	-73.892849
R	42.743188	-73.743645
SR	42.718194	-73.805109
ST	42.685513	-73.765651
K	42.730133	-73.761657
K	42.795488	-73.946083
MF	42.689477	-73.850717
ST	42.720164	-73.835165
R	42.711523	-73.868143
K	42.773242	-73.700743
K	42.804295	-73.902684
K	42.77421	-73.701423
ST	42.720767	-73.802026
ST	42.689914	-73.84988
ST	42.711435	-73.814195
ST	42.783846	-73.92942
K	42.742529	-73.86045
M	42.6885	-73.849251
ST	42.689513	-73.8507
K	42.676619	-73.824632
K	42.781676	-73.952841
CC	42.66673	-73.791496
SR	42.751789	-73.870236
M	42.714948	-73.803842
ST	42.760415	-73.901203
M	42.753262	-73.781355
M	42.788817	-73.936524
K	42.755725	-73.775969
ST	42.684139	-73.839146
K	42.770971	-73.824261
ST	42.793081	-73.931834
V	42.774542	-73.692122
SR	42.756097	-73.700616
G	42.771725	-73.727568
R	42.718604	-73.805499
ER	42.72381	-73.929831
M	42.772237	-73.759359
P	42.738527	-73.777758
SR	42.717549	-73.809431
V	42.658537	-73.768454
K	42.663	-73.775735
ST	42.773785	-73.702808
K	42.710608	-73.815971
ST	42.784848	-73.944733
U	42.773002	-73.689698
CC	42.693042	-73.873354
SR	42.722258	-73.701369
ST	42.684361	-73.839334
M	42.728678	-73.743164
ST	42.776053	-73.889731
G	42.682463	-73.774915
SR	42.804257	-73.902172
ST	42.754113	-73.756515
SR	42.690072	-73.782808
ST	42.747427	-73.749413
M	42.70546	-73.771682
SR	42.789852	-73.94099
ST	42.688778	-73.848788
K	42.710499	-73.816176
F	42.762117	-73.752352
SR	42.725493	-73.82367
K	42.703847	-73.775884
M	42.714963	-73.803821
ST	42.716393	-73.840116
CC	42.758078	-73.777217
U	42.786114	-73.943671
ST	42.775986	-73.889754
K	42.732689	-73.709891
ST	42.77418	-73.934982
R	42.772053	-73.893928
M	42.740463	-73.731381
K	42.803805	-73.901435
SR	42.773031	-73.705159
K	42.77055	-73.822177
K	42.718412	-73.805806
CC	42.688416	-73.775588
V	42.726572	-73.834254
K	42.804882	-73.904051
MF	42.717397	-73.809374
MF	42.706434	-73.826436
CC	42.693898	-73.771922
CC	42.804478	-73.915976
ST	42.705946	-73.876253
ST	42.705843	-73.82473
K	42.690513	-73.801539
SR	42.732208	-73.8487
SR	42.729021	-73.854319
SR	42.798417	-73.925668
V	42.73244	-73.848572
K	42.727616	-73.700797
ST	42.689391	-73.85103
K	42.804067	-73.903671
K	42.758307	-73.77743
R	42.75919	-73.822773
ST	42.68969	-73.84999
K	42.745909	-73.809297
SR	42.79274	-73.917503
CC	42.796806	-73.89413
R	42.75718	-73.821181
G	42.726422	-73.701562
SR	42.71755	-73.83833
K	42.783784	-73.916956
CC	42.690329	-73.776664
V	42.76964	-73.827155
R	42.690492	-73.868057
SR	42.75734	-73.813847
CC	42.758103	-73.77726
ST	42.689417	-73.850118
K	42.724894	-73.936179
WT	42.74078	-73.887029
ER	42.690931	-73.852446
M	42.724766	-73.840562
K	42.700372	-73.821246
ST	42.709819	-73.707216
ST	42.724582	-73.726508
SR	42.769883	-73.841397
ST	42.748357	-73.868371
CC	42.771856	-73.757461
CC	42.684723	-73.837744
CC	42.764646	-73.811245
R	42.781103	-73.952712
R	42.69041	-73.865562
V	42.763687	-73.892711
K	42.72751	-73.761133
ER	42.745271	-73.750841
K	42.71547	-73.829243
ST	42.816601	-73.890137
K	42.750155	-73.824205
ST	42.689496	-73.850635
ER	42.664738	-73.779086
K	42.700114	-73.886182
ER	42.730998	-73.708089
AS	42.728266	-73.798736
R	42.744822	-73.761241
SR	42.805992	-73.914929
M	42.770955	-73.759044
ST	42.726383	-73.761123
U	42.774447	-73.697997
CC	42.686404	-73.840992
G	42.795938	-73.921073
ST	42.69028	-73.851786
CC	42.695232	-73.878844
K	42.68691	-73.85885
M	42.722561	-73.859605
K	42.770709	-73.820633
ER	42.716524	-73.838269
R	42.726488	-73.842508
ST	42.711065	-73.81613
R	42.730754	-73.700858
SR	42.764594	-73.886952
CC	42.736083	-73.845707
V	42.696758	-73.761679
V	42.696391	-73.800951
K	42.816562	-73.890581
SR	42.695383	-73.879046
M	42.684522	-73.839473
GG	42.736415	-73.787665
M	42.700823	-73.82884
R	42.788418	-73.913476
ST	42.721559	-73.836699
ST	42.687214	-73.842256
CC	42.757814	-73.776786
SR	42.787968	-73.940929
CC	42.761055	-73.818488
K	42.715799	-73.812334
ST	42.690783	-73.85265
ST	42.706482	-73.823642
ST	42.748366	-73.868389
CC	42.686292	-73.842058
SR	42.743957	-73.761243
K	42.680994	-73.83903
ST	42.688226	-73.848434
G	42.75723	-73.758594
CC	42.773629	-73.934986
M	42.75567	-73.762022
K	42.756114	-73.757845
ST	42.700748	-73.829878
R	42.7158	-73.81448
CC	42.668257	-73.785408
R	42.753264	-73.777339
K	42.684721	-73.847799
ST	42.688881	-73.849393
SR	42.731104	-73.70424
SR	42.7924	-73.907232
K	42.754197	-73.761186
ST	42.684211	-73.839283
K	42.720477	-73.83565
ER	42.69607	-73.824081
SR	42.696939	-73.810516
ST	42.689741	-73.851811
ST	42.80712	-73.912362
SR	42.796255	-73.939878
CC	42.715619	-73.931677
V	42.762302	-73.878913
HH	42.777486	-73.933272
CC	42.780311	-73.747183
ST	42.798715	-73.729118
V	42.792833	-73.95001
SR	42.77344	-73.698505
V	42.695041	-73.861533
SR	42.727295	-73.84296
ER	42.690004	-73.85025
ST	42.774773	-73.699744
SR	42.783452	-73.944311
ST	42.696605	-73.824228
ER	42.816585	-73.888748
SR	42.768679	-73.891357
CC	42.814865	-73.891113
CC	42.707549	-73.861059
K	42.728145	-73.761156
ST	42.710192	-73.816508
ST	42.750442	-73.869789
R	42.743433	-73.836861
ST	42.689645	-73.850703
V	42.666392	-73.786273
ST	42.688221	-73.847602
M	42.745901	-73.809797
CC	42.758736	-73.776916
ST	42.683693	-73.838669
G	42.717169	-73.831853
U	42.797567	-73.92373
MF	42.780378	-73.903328
R	42.770579	-73.823582
CC	42.689049	-73.86343
K	42.717554	-73.813145
ST	42.773892	-73.893995
K	42.725956	-73.84168
ST	42.689328	-73.851045
SR	42.688421	-73.799079
SR	42.685648	-73.795881
K	42.689734	-73.80172
V	42.754821	-73.942832
WT	42.757835	-73.767898
SR	42.722357	-73.798885
ST	42.727389	-73.761111
M	42.787633	-73.916174
ST	42.738393	-73.762764
CC	42.823127	-73.881482
K	42.73347	-73.854814
ST	42.684023	-73.838906
K	42.775009	-73.892997
CC	42.668077	-73.797903
WT	42.700971	-73.819442
SR	42.696402	-73.810769
CC	42.725605	-73.936258
SR	42.797766	-73.952934
K	42.677408	-73.828289
K	42.676952	-73.82553
ST	42.688006	-73.848156
U	42.751058	-73.870445
SR	42.719931	-73.805703
K	42.682228	-73.842256
ER	42.694551	-73.818146
ST	42.774422	-73.701597
R	42.743544	-73.862917
K	42.805541	-73.905989
ST	42.723107	-73.799296
ST	42.689707	-73.849982
SR	42.732087	-73.848729
M	42.683388	-73.77435
K	42.710744	-73.816502
K	42.786613	-73.911421
ST	42.692416	-73.811994
ST	42.723137	-73.853067
K	42.696967	-73.886736
SR	42.791831	-73.922136
M	42.773065	-73.892753
M	42.68948	-73.866232
U	42.769399	-73.818752
K	42.805058	-73.903958
SR	42.793581	-73.936926
ST	42.709295	-73.817274
ST	42.757408	-73.768523
SR	42.791628	-73.908605
K	42.735761	-73.852608
AS	42.704066	-73.815466
V	42.734686	-73.715734
SR	42.800627	-73.926337
U	42.765097	-73.939501
SR	42.788977	-73.913202
CC	42.679952	-73.836251
M	42.77157	-73.8927
SR	42.732646	-73.761761
ER	42.685439	-73.840316
SR	42.684117	-73.846082
K	42.799519	-73.92603
ST	42.788955	-73.913104
WT	42.757592	-73.817785
K	42.676615	-73.824606
ST	42.713609	-73.815547
K	42.71025	-73.81653
ST	42.738712	-73.762781
V	42.761932	-73.881192
M	42.705106	-73.857399
V	42.709932	-73.781192
K	42.771697	-73.700979
SR	42.764246	-73.814886
CC	42.691449	-73.869346
K	42.782608	-73.949159
SR	42.792481	-73.940696
U	42.786727	-73.941567
K	42.714046	-73.706923
ST	42.771841	-73.892201
K	42.763316	-73.802501
K	42.720167	-73.836505
K	42.685773	-73.797034
ST	42.69647	-73.809221
V	42.717903	-73.804745
SR	42.69598	-73.881697
CC	42.759434	-73.824496
K	42.805552	-73.905998
ST	42.769622	-73.701919
M	42.687235	-73.858559
ST	42.729419	-73.701281
R	42.750126	-73.763504
CC	42.67995	-73.836257
ST	42.770757	-73.893581
M	42.762181	-73.797505
R	42.730702	-73.703165
K	42.786439	-73.943492
K	42.754662	-73.766672
R	42.697298	-73.885616
SR	42.768787	-73.730259
K	42.733719	-73.762758
ST	42.689901	-73.851109
K	42.744662	-73.83813
SR	42.777147	-73.843798
ER	42.686794	-73.856081
ER	42.71624	-73.80549
ST	42.754281	-73.756505
X	42.725494	-73.700299
SR	42.701743	-73.815365
U	42.741686	-73.762367
SR	42.793716	-73.944877
ST	42.73785	-73.761811
ST	42.68924	-73.849769
K	42.730519	-73.761872
ST	42.711402	-73.820643
ER	42.727375	-73.701535
K	42.718507	-73.83451
ST	42.725937	-73.760408
ST	42.738531	-73.856246
SR	42.730351	-73.71052
K	42.736858	-73.767257
R	42.688455	-73.77561
SR	42.744687	-73.750158
AS	42.723081	-73.796881
ST	42.705306	-73.822722
MF	42.771532	-73.700999
CC	42.726856	-73.938148
CC	42.702699	-73.797259
G	42.805616	-73.913551
ST	42.767489	-73.888944
SR	42.777598	-73.934029
SR	42.798191	-73.947631
ER	42.7194	-73.757687
CC	42.735401	-73.759324
ST	42.689465	-73.849514
ST	42.701661	-73.819656
K	42.722693	-73.936225
K	42.706952	-73.823278
R	42.726329	-73.759788
ST	42.732968	-73.938641
K	42.804332	-73.902406
M	42.72462	-73.841634
K	42.727832	-73.845552
ST	42.710173	-73.816389
SR	42.726227	-73.791931
ER	42.761613	-73.750789
SR	42.766205	-73.815975
ST	42.742154	-73.861324
K	42.772745	-73.701487
M	42.746146	-73.810319
ST	42.753698	-73.766963
SR	42.704232	-73.798835
SR	42.731012	-73.705772
M	42.694368	-73.818269
MF	42.769018	-73.72997
SR	42.788316	-73.94509
K	42.688502	-73.861653
ST	42.745494	-73.760656
K	42.756522	-73.758525
ST	42.742933	-73.74187
ST	42.709791	-73.817414
SR	42.770574	-73.700151
CC	42.666726	-73.791483
MF	42.723323	-73.838916
SR	42.727124	-73.851976
SR	42.688224	-73.794664
ST	42.765471	-73.808529
M	42.690968	-73.833275
ST	42.757336	-73.758604
ST	42.691838	-73.812742
M	42.708712	-73.817358
K	42.781405	-73.952247
M	42.733236	-73.706162
CC	42.688479	-73.775571
U	42.702878	-73.816496
CC	42.774272	-73.705798
ST	42.697901	-73.84781
R	42.687229	-73.858569
ST	42.810961	-73.892142
G	42.702502	-73.817376
WT	42.795482	-73.73371
ST	42.720832	-73.802107
ST	42.736204	-73.763516
M	42.805772	-73.907989
G	42.786008	-73.912703
ST	42.694519	-73.807599
G	42.774041	-73.701779
K	42.781036	-73.744934
CC	42.807253	-73.911836
U	42.80293	-73.89968
K	42.69283	-73.804092
K	42.72395	-73.798791
R	42.794456	-73.935623
K	42.711017	-73.816226
CC	42.796783	-73.892811
R	42.707781	-73.861641
SR	42.687952	-73.772997
M	42.752248	-73.778179
SR	42.755195	-73.765928
ST	42.70583	-73.82897
SR	42.691231	-73.81059
ST	42.778129	-73.900888
SR	42.790338	-73.736612
CC	42.758335	-73.777444
K	42.792489	-73.917115
SR	42.769688	-73.822304
CC	42.688653	-73.86222
CC	42.829839	-73.892256
SR	42.797873	-73.940412
SR	42.788878	-73.938475
M	42.703214	-73.856587
ST	42.762289	-73.748287
ST	42.798407	-73.947976
ST	42.764779	-73.808875
K	42.707708	-73.778672
ST	42.684809	-73.795917
V	42.666403	-73.786227
K	42.710677	-73.816085
H	42.758324	-73.777448
SR	42.675052	-73.813517
K	42.712585	-73.817216
SR	42.715297	-73.812937
ST	42.693156	-73.876906
ST	42.692392	-73.874781
K	42.724471	-73.700518
ST	42.696488	-73.822257
ST	42.737358	-73.772677
U	42.782832	-73.744273
CC	42.75869	-73.776928
M	42.686371	-73.842088
WT	42.782663	-73.941647
K	42.716029	-73.810008
MF	42.71726	-73.8319
ST	42.73796	-73.724416
SR	42.773087	-73.689732
SR	42.740652	-73.761849
SR	42.783277	-73.947742
SR	42.693347	-73.846186
U	42.784705	-73.930724
SR	42.690083	-73.80097
K	42.717914	-73.8085
SR	42.722701	-73.836957
CC	42.72686	-73.938141
CC	42.671639	-73.809052
G	42.793701	-73.918591
ST	42.689466	-73.850751
AS	42.754203	-73.816273
ST	42.702696	-73.824981
K	42.687268	-73.858543
AS	42.725564	-73.795356
R	42.719964	-73.796034
CC	42.687972	-73.772889
SR	42.725679	-73.760405
G	42.69757	-73.809434
V	42.703073	-73.782547
ST	42.704775	-73.818928
F	42.720661	-73.809728
SR	42.782469	-73.905808
ST	42.704618	-73.830241
ER	42.825271	-73.898131
M	42.690228	-73.852482
G	42.783421	-73.94631
ST	42.728111	-73.761151
M	42.757153	-73.758596
U	42.699626	-73.821375
U	42.739602	-73.761697
U	42.684926	-73.840781
G	42.732359	-73.70479
CC	42.758108	-73.777196
ST	42.74448	-73.863053
WT	42.692203	-73.776816
ST	42.710106	-73.804426
V	42.737063	-73.833343
SR	42.798483	-73.945884
ST	42.730396	-73.703416
U	42.715533	-73.83099
K	42.746668	-73.759921
CC	42.772632	-73.757994
CC	42.738913	-73.841115
ST	42.737182	-73.701221
ST	42.732167	-73.852915
SR	42.67983	-73.858304
K	42.690186	-73.865319
K	42.71041	-73.816412
MF	42.780653	-73.90386
SR	42.786842	-73.910767
K	42.730404	-73.703549
CC	42.7317	-73.761607
SR	42.729964	-73.701933
ST	42.784156	-73.918351
ST	42.737293	-73.832203
M	42.771884	-73.892351
K	42.72802	-73.846344
ST	42.706134	-73.821436
SR	42.721692	-73.863093
SR	42.683945	-73.793659
M	42.690397	-73.865435
R	42.775014	-73.700274
CC	42.666989	-73.792514
SR	42.697026	-73.823746
SR	42.729014	-73.854321
K	42.742516	-73.838464
SR	42.688989	-73.799883
K	42.745582	-73.80938
SR	42.750667	-73.887036
M	42.770303	-73.759444
ST	42.7384	-73.762727
ST	42.683953	-73.840796
V	42.72088	-73.809268
ST	42.75518	-73.765959
CC	42.806675	-73.910172
K	42.689018	-73.848512
R	42.677151	-73.826053
ST	42.70624	-73.824988
K	42.689352	-73.774717
CC	42.718708	-73.808169
K	42.783604	-73.906841
ST	42.688792	-73.849222
K	42.77085	-73.824312
SR	42.684423	-73.794142
R	42.73933	-73.736117
M	42.75729	-73.758469
K	42.68723	-73.858563
V	42.803733	-73.732541
ST	42.698116	-73.768217
ST	42.700058	-73.812225
ST	42.689226	-73.849194
SR	42.715131	-73.811168
K	42.745823	-73.809074
ST	42.779536	-73.903616
SR	42.712738	-73.828042
CC	42.681559	-73.838076
ST	42.749644	-73.889531
SR	42.723463	-73.856421
ST	42.752534	-73.845258
ER	42.787455	-73.940389
K	42.68291	-73.838421
CC	42.726001	-73.7937
CC	42.828687	-73.89236
V	42.786319	-73.914643
R	42.801422	-73.898679
ST	42.781168	-73.954594
SR	42.720752	-73.712921
WT	42.6893	-73.848478
R	42.774279	-73.700282
ST	42.684155	-73.838881
G	42.730449	-73.700882
ST	42.737928	-73.724337
SR	42.794229	-73.951696
K	42.741206	-73.859238
ST	42.710745	-73.815748
M	42.718681	-73.808138
WT	42.717177	-73.831821
SR	42.717217	-73.807705
R	42.727372	-73.75983
ST	42.710577	-73.816359
K	42.733097	-73.701262
K	42.756455	-73.775575
ER	42.781848	-73.684915
R	42.77416	-73.892031
ST	42.739315	-73.736108
AS	42.763617	-73.93815
K	42.775366	-73.698028
R	42.730608	-73.848352
K	42.688166	-73.86186
G	42.803365	-73.900302
K	42.691061	-73.802
G	42.663014	-73.776361
WT	42.696794	-73.8216
ER	42.783324	-73.949306
ST	42.70969	-73.816748
SR	42.734907	-73.762729
ST	42.803662	-73.902119
SR	42.694998	-73.879465
ST	42.702548	-73.880986
ER	42.737168	-73.909695
ST	42.679497	-73.833581
ST	42.742528	-73.838418
K	42.661983	-73.776801
WT	42.723468	-73.840294
CC	42.699407	-73.852061
K	42.73531	-73.701482
SR	42.693521	-73.804473
SR	43.356071	-75.456576
M	42.680915	-73.8556
MF	42.748587	-73.941741
ST	42.686671	-73.855733
ST	42.749513	-73.762446
CC	42.710343	-73.864097
V	42.756154	-73.876014
ST	42.703267	-73.817269
M	42.754338	-73.777569
M	42.783417	-73.94426
CC	42.774097	-73.894084
CC	42.744119	-73.837676
K	42.661077	-73.781941
ER	42.708059	-73.834632
K	42.714117	-73.814718
ER	42.728654	-73.910007
CC	42.688081	-73.773164
WT	42.726326	-73.851021
WT	42.696017	-73.847266
ST	42.800615	-73.926171
M	42.749135	-73.868262
K	42.74035	-73.762508
K	42.690198	-73.852377
SR	42.71882	-73.807108
M	42.773166	-73.891904
SR	42.777722	-73.716065
ST	42.804362	-73.904244
ST	42.73782	-73.761768
SR	42.774931	-73.880275
ST	42.690518	-73.852174
K	42.723221	-73.936203
R	42.698486	-73.812055
ST	42.685858	-73.853553
ST	42.746035	-73.863792
K	42.754259	-73.766766
SR	42.747564	-73.760568
CC	42.77287	-73.751862
K	42.714943	-73.829157
G	42.782933	-73.892629
CC	42.740019	-73.737351
K	42.736216	-73.761735
ST	42.770891	-73.824297
SR	42.818001	-73.885251
SR	42.688983	-73.799909
K	42.689169	-73.848841
ST	42.739234	-73.824745
SR	42.68552	-73.79491
SR	42.687949	-73.772987
SR	42.786176	-73.911177
SR	42.724812	-73.822079
ST	42.698768	-73.817777
K	42.741325	-73.840073
CC	42.725984	-73.761071
WT	42.69547	-73.820294
K	42.746345	-73.758733
SR	42.728358	-73.843846
R	42.707363	-73.775623
SR	42.691604	-73.86872
ER	42.676107	-73.800937
CC	42.734954	-73.792956
CC	42.815924	-73.893915
K	42.661971	-73.776794
ST	42.710255	-73.816142
SR	42.772452	-73.937512
SR	42.788255	-73.917681
ER	42.714561	-73.841615
SR	42.725218	-73.702388
SR	42.770945	-73.891771
M	42.692336	-73.869444
ST	42.688689	-73.849126
K	42.775684	-73.898339
ER	42.725695	-73.760301
CC	42.688071	-73.773152
M	42.708392	-73.779163
U	42.766276	-73.814597
V	42.663269	-73.776239
ST	42.689751	-73.851467
SR	42.738978	-73.761605
G	42.720708	-73.717093
CC	42.715796	-73.83141
K	42.72281	-73.802188
K	42.757265	-73.758593
V	42.686455	-73.782288
K	42.722699	-73.839056
K	42.717514	-73.804145
K	42.788918	-73.936709
ST	42.773275	-73.701328
ST	42.731277	-73.863329
ST	42.773096	-73.68737
V	42.666346	-73.786144
R	42.77433	-73.895319
K	42.68592	-73.853864
ER	42.735815	-73.927477
V	42.713041	-73.82837
CC	42.683749	-73.77124
R	42.755694	-73.821608
U	42.773473	-73.82505
K	42.707593	-73.774865
SR	42.682067	-73.777393
M	42.770629	-73.701108
ST	42.761903	-73.794893
SR	42.685078	-73.759775
CC	42.671856	-73.809526
SR	42.674654	-73.818576
X	42.753381	-73.818688
ST	42.804946	-73.905781
ST	42.721472	-73.798116
ER	42.737705	-73.842084
SR	42.689621	-73.778394
ST	42.785018	-73.943836
K	42.689908	-73.849899
K	42.718864	-73.833795
SR	42.783194	-73.906623
SR	42.749235	-73.715661
MF	42.773519	-73.70138
ER	42.714024	-73.809991
K	42.80504	-73.904523
R	42.751724	-73.942417
M	42.773081	-73.892737
SR	42.797571	-73.925356
R	42.71804	-73.804903
SR	42.796421	-73.947332
WT	42.710213	-73.815869
CC	42.802032	-73.900158
CC	42.758991	-73.766691
H	42.726417	-73.70158
ST	42.70982	-73.817273
K	42.799498	-73.948061
SR	42.789976	-73.936649
SR	42.745272	-73.90268
K	42.662102	-73.778701
SR	42.738514	-73.729647
K	42.815741	-73.890916
ST	42.684929	-73.840058
SR	42.680955	-73.793844
WT	42.797514	-73.727623
X	42.72431	-73.772924
R	42.715019	-73.876961
M	42.783996	-73.707648
CC	42.683682	-73.771093
ST	42.695975	-73.847053
K	42.768923	-73.891722
K	42.680999	-73.768175
CC	42.738917	-73.841283
R	42.720144	-73.809996
K	42.677262	-73.822894
K	42.689307	-73.848402
K	42.773805	-73.692694
K	42.709506	-73.821795
R	42.81503	-73.89302
K	42.702458	-73.814876
R	42.680777	-73.763711
ST	42.689331	-73.849754
ST	42.68066	-73.837933
V	42.75471	-73.700863
ST	42.774271	-73.6973
ST	42.782576	-73.745065
K	42.69516	-73.847602
ER	42.779252	-73.93041
ST	42.68426	-73.839209
M	42.736877	-73.844779
ST	42.690381	-73.85192
ST	42.69104	-73.833562
ST	42.716234	-73.840148
V	42.669296	-73.78696
ST	42.688257	-73.848446
SR	42.715213	-73.812995
ST	42.782482	-73.94193
CC	42.689375	-73.774702
ST	42.728317	-73.860784
V	42.666351	-73.786141
M	42.786711	-73.933388
ER	42.784241	-73.888559
K	42.782603	-73.949137
G	42.705852	-73.777049
K	42.717624	-73.812696
ST	42.689821	-73.851113
K	42.750208	-73.759356
SR	42.779584	-73.956661
M	42.74241	-73.83849
R	42.802933	-73.900569
ST	42.775246	-73.889599
K	42.77493	-73.897363
K	42.739792	-73.762684
K	42.770676	-73.708681
SR	42.780005	-73.933651
MF	42.774928	-73.944331
G	42.772498	-73.824687
V	42.780402	-73.906048
ST	42.772621	-73.823248
CC	42.829806	-73.892244
R	42.76221	-73.797639
X	42.736616	-73.792759
ST	42.767476	-73.888947
M	42.687044	-73.858635
M	42.695139	-73.807996
M	42.753289	-73.781332
M	42.710248	-73.816463
K	42.737128	-73.762785
ST	42.771404	-73.923996
R	42.666322	-73.790231
G	42.686705	-73.853852
SR	42.71284	-73.827975
K	42.715043	-73.830671
SR	42.750406	-73.86975
ST	42.689538	-73.850985
R	42.707853	-73.776058
V	42.697498	-73.804437
CC	42.762239	-73.797652
X	42.745548	-73.809388
K	42.765249	-73.794738
R	42.741198	-73.83927
ST	42.722715	-73.911407
SR	42.715309	-73.8129
R	42.770286	-73.759432
ER	42.760955	-73.870705
SR	42.715239	-73.812974
AS	42.754529	-73.769771
M	42.685551	-73.842839
ER	42.718676	-73.864833
M	42.77795	-73.933941
ER	42.743548	-73.749206
K	42.774322	-73.703392
ER	42.70954	-73.836447
MF	42.662291	-73.779399
M	42.744287	-73.810994
CC	42.745186	-73.865049
SR	42.772839	-73.688339
CC	42.672993	-73.81322
ST	42.692338	-73.803285
R	42.784678	-73.909477
ER	42.776939	-73.824292
K	42.693423	-73.773562
M	42.705896	-73.824642
R	42.772822	-73.753292
ER	42.684786	-73.839771
SR	42.735618	-73.763779
SR	42.789868	-73.94098
CC	42.683587	-73.847038
ST	42.805423	-73.905535
K	42.796409	-73.921658
G	42.702394	-73.818297
M	42.689312	-73.85033
SR	42.715335	-73.705294
CC	42.69322	-73.87324
K	42.664182	-73.78531
ST	42.738536	-73.726993
R	42.712073	-73.873229
ST	42.761943	-73.794877
ST	42.701574	-73.818691
K	42.769837	-73.914861
ST	42.732432	-73.794915
V	42.704922	-73.809277
ER	42.765335	-73.941312
R	42.766772	-73.887924
SR	42.807191	-73.913054
ST	42.732947	-73.761806
K	42.746825	-73.757892
M	42.76378	-73.754593
R	42.739797	-73.84162
ST	42.756106	-73.758716
CC	42.705633	-73.755015
K	42.689887	-73.852346
R	42.762055	-73.795459
U	42.798153	-73.947023
ST	42.783577	-73.75074
MF	42.724187	-73.700918
V	42.74253	-73.933899
AS	42.753057	-73.771342
SR	42.69499	-73.77237
SR	42.763013	-73.752972
G	42.759844	-73.885245
K	42.683591	-73.840631
ST	42.72951	-73.701841
M	42.74572	-73.810024
ST	42.752284	-73.759967
R	42.781514	-73.904854
U	42.757794	-73.758187
CC	42.709032	-73.863081
K	42.762435	-73.939829
M	42.771886	-73.823919
U	42.743501	-73.91757
K	42.764145	-73.854333
CC	42.684701	-73.837745
G	42.736859	-73.761069
CC	42.701597	-73.819782
ST	42.783219	-73.897546
K	42.773239	-73.700716
U	42.719535	-73.836143
SR	42.746004	-73.761155
K	42.816519	-73.891008
K	42.737764	-73.723858
ST	42.688475	-73.849236
SR	42.710395	-73.710068
ST	42.688512	-73.849239
K	42.780656	-73.903862
ST	42.727638	-73.854238
V	42.724422	-73.701379
ST	42.704523	-73.877031
K	42.738392	-73.855867
M	42.773526	-73.701355
R	42.732136	-73.762613
K	42.703824	-73.77585
ST	42.73086	-73.703507
V	42.694817	-73.887353
R	42.747171	-73.761857
ST	42.762091	-73.753302
ST	42.701541	-73.813474
ST	42.725476	-73.852164
CC	42.683697	-73.77112
R	42.727429	-73.843422
MF	42.755043	-73.882656
G	42.782968	-73.943591
SR	42.736749	-73.726319
ST	42.689533	-73.85127
ST	42.697109	-73.847532
K	42.774181	-73.701659
ST	42.689349	-73.850425
SR	42.723429	-73.866613
CC	42.717477	-73.809582
U	42.694152	-73.806472
ST	42.68634	-73.854833
ST	42.731456	-73.705661
WT	42.757538	-73.817632
SR	42.815364	-73.886316
ST	42.709666	-73.816736
CC	42.775783	-73.850315
R	42.772599	-73.823169
SR	42.805197	-73.904901
M	42.774805	-73.891666
M	42.732105	-73.848198
SR	42.7373	-73.70754
CC	42.805876	-73.908262
SR	42.785884	-73.932256
M	42.722103	-73.832127
MF	42.726908	-73.761038
ER	42.774343	-73.936041
ST	42.689114	-73.849827
CC	42.725827	-73.936064
SR	42.697684	-73.798051
M	42.743486	-73.749083
CC	42.690349	-73.867574
ST	42.783881	-73.919625
SR	42.680047	-73.837425
ST	42.709378	-73.8177
ST	42.709358	-73.817177
V	42.774742	-73.697204
K	42.726503	-73.761127
K	42.682849	-73.779695
SR	42.805059	-73.904541
CC	42.685431	-73.838965
AS	42.709191	-73.822339
CC	42.715458	-73.805749
ST	42.689905	-73.849871
SR	42.706805	-73.777781
R	42.720794	-73.802191
ST	42.710555	-73.815471
SR	42.782466	-73.955129
SR	42.787767	-73.941535
SR	42.689445	-73.801274
U	42.684044	-73.847891
K	42.748824	-73.763451
WT	42.70135	-73.830204
K	42.762434	-73.798443
K	42.76691	-73.816094
SR	42.738408	-73.762792
ER	42.657066	-73.772235
SR	42.772008	-73.892172
M	42.710054	-73.816574
SR	42.756808	-73.81076
AS	42.770885	-73.752373
AS	42.718774	-73.799698
CC	42.690351	-73.867597
MF	42.707405	-73.777071
ST	42.705375	-73.781402
SR	42.746991	-73.760622
ST	42.768213	-73.818463
K	42.723112	-73.936234
ST	42.773409	-73.824064
R	42.781818	-73.90523
K	42.769893	-73.915152
R	42.69182	-73.802829
K	42.728059	-73.761149
CC	42.713331	-73.782602
AS	42.679026	-73.836192
G	42.724175	-73.84103
ER	42.7389	-73.826651
CC	42.774918	-73.892877
HH	42.680777	-73.763692
V	42.801507	-73.900952
ER	42.77555	-73.750573
U	42.764111	-73.801336
CC	42.70117	-73.84947
K	42.781595	-73.905724
CC	42.666992	-73.786757
G	42.705851	-73.754235
ER	42.743836	-73.750305
ST	42.707525	-73.777377
ER	42.769163	-73.709877
CC	42.77393	-73.701338
K	42.697121	-73.884934
SR	42.788529	-73.9351
ST	42.703079	-73.798268
K	42.757363	-73.758654
K	42.710445	-73.815795
K	42.718492	-73.83449
ST	42.717196	-73.809784
X	42.736744	-73.792704
K	42.747006	-73.758655
R	42.78357	-73.892454
ST	42.76416	-73.854411
K	42.746404	-73.76101
ST	42.781542	-73.746311
SR	42.737118	-73.723181
SR	42.727705	-73.761125
ST	42.696617	-73.8242
ER	42.673094	-73.816308
ST	42.684703	-73.839873
CC	42.668512	-73.785145
K	42.689616	-73.849613
H	42.769618	-73.8224
WT	42.783892	-73.907272
SR	42.732421	-73.70149
K	42.781028	-73.955395
SR	42.753646	-73.794959
SR	42.746066	-73.942997
ST	42.705879	-73.775896
CC	42.688069	-73.773163
R	42.804391	-73.904424
SR	42.732348	-73.848599
K	42.704046	-73.816329
V	42.665937	-73.853203
SR	42.66671	-73.791475
R	42.781346	-73.953643
R	42.763288	-73.823366
CC	42.684743	-73.837735
K	42.756432	-73.775561
ER	42.748635	-73.763496
CC	42.830053	-73.903409
ST	42.723554	-73.839212
K	42.696541	-73.849249
SR	42.75179	-73.800968
ER	42.766796	-73.866041
K	42.70385	-73.775851
K	42.701069	-73.819309
SR	42.768115	-73.697396
SR	42.738579	-73.791084
ST	42.759234	-73.759812
SR	42.782764	-73.907278
G	42.688514	-73.849278
K	42.73111	-73.762134
G	42.691877	-73.808168
ST	42.75176	-73.760546
ST	42.757902	-73.762734
SR	42.686084	-73.796084
ST	42.756759	-73.80776
ST	42.814203	-73.939381
SR	42.693594	-73.804751
ST	42.762192	-73.797487
K	42.703094	-73.815461
ER	42.733347	-73.853768
ST	42.697119	-73.8476
ST	42.709157	-73.817496
V	42.667551	-73.812002
ST	42.715581	-73.804383
ST	42.727415	-73.75984
M	42.737848	-73.79437
R	42.695284	-73.84711
V	42.804952	-73.907462
V	42.684443	-73.797884
R	42.7125	-73.78202
V	42.77291	-73.825377
ST	42.710353	-73.816557
K	42.773763	-73.70185
K	42.783685	-73.948409
V	42.666398	-73.78627
K	42.816377	-73.890663
ER	42.783763	-73.920303
ST	42.708536	-73.775399
ST	42.684851	-73.84107
SR	42.719128	-73.80346
K	42.722654	-73.701446
ER	42.774219	-73.704308
K	42.714057	-73.829388
M	42.718115	-73.803359
R	42.68473	-73.792272
SR	42.688093	-73.773179
ST	42.761233	-73.793063
SR	42.702273	-73.829115
SR	42.771998	-73.699422
ER	42.676902	-73.842635
ST	42.710225	-73.8167
CC	42.686021	-73.842609
SR	42.729457	-73.853452
M	42.708646	-73.862424
M	42.716931	-73.807664
K	42.688969	-73.850195
CC	42.75895	-73.776966
K	42.764266	-73.857364
SR	42.693297	-73.812631
K	42.733931	-73.762818
CC	42.774254	-73.70092
ST	42.714827	-73.841476
ST	42.77359	-73.697267
CC	42.719549	-73.80909
G	42.783136	-73.891323
G	42.769076	-73.875205
ST	42.709594	-73.817906
CC	42.698095	-73.768236
K	42.803092	-73.900144
ST	42.814718	-73.731798
M	42.746822	-73.800294
AS	42.750845	-73.759206
WT	42.72956	-73.704981
ER	42.664646	-73.852057
U	42.770233	-73.893206
K	42.729128	-73.700341
M	42.720034	-73.807764
M	42.687999	-73.773072
R	42.73825	-73.796763
ST	42.711394	-73.865712
SR	42.72256	-73.837192
CC	42.758091	-73.777239
K	42.772115	-73.700564
CC	42.758709	-73.776908
ST	42.689534	-73.866231
SR	42.727956	-73.846263
ER	42.804601	-73.888956
SR	42.787093	-73.93435
K	42.728408	-73.76076
ST	42.789043	-73.736832
SR	42.778585	-73.887012
R	42.761003	-73.81582
K	42.700739	-73.830264
ER	42.744669	-73.838666
ST	42.686952	-73.858705
ST	42.803042	-73.909567
SR	42.795794	-73.922099
K	42.68957	-73.849732
G	42.737338	-73.772774
CC	42.827761	-73.892448
CC	42.773204	-73.700737
ST	42.737046	-73.701255
ST	42.707771	-73.861659
SR	42.740362	-73.792004
V	42.666394	-73.786226
ST	42.714903	-73.839573
CC	42.716242	-73.83067
K	42.710579	-73.816425
M	42.717067	-73.807667
ST	42.767827	-73.888779
K	42.782947	-73.890718
CC	42.683052	-73.846996
H	42.725026	-73.823015
K	42.784977	-73.909791
M	42.774068	-73.693465
ER	42.756605	-73.78582
ST	42.755694	-73.943326
CC	42.758318	-73.777467
M	42.746157	-73.810305
V	42.709035	-73.778865
SR	42.737045	-73.701222
V	42.757374	-73.797434
WT	42.691849	-73.812743
ST	42.773496	-73.684714
CC	42.764591	-73.915037
SR	42.688193	-73.797848
U	42.725244	-73.842533
ST	42.710511	-73.817008
ST	42.697384	-73.885534
ST	42.689928	-73.853672
SR	42.769701	-73.892678
SR	42.718819	-73.833002
K	42.736706	-73.764418
ST	42.689085	-73.849
G	42.73341	-73.855967
V	42.686428	-73.782336
ST	42.677321	-73.823153
SR	42.686977	-73.860382
R	42.69533	-73.846113
M	42.731085	-73.795515
ST	42.688499	-73.849236
R	42.734046	-73.762756
G	42.775885	-73.892577
ST	42.735607	-73.763489
ST	42.775401	-73.933272
SR	42.762964	-73.753243
SR	42.738434	-73.762755
ST	42.690001	-73.851315
ST	42.708819	-73.817224
K	42.710786	-73.81621
ST	42.689956	-73.851717
R	42.763041	-73.754734
ST	42.712826	-73.827958
R	42.77406	-73.70177
ST	42.710261	-73.816303
K	42.861747	-73.769627
R	42.731624	-73.849997
V	42.681623	-73.841037
M	42.71081	-73.820251
WT	42.689236	-73.84997
K	42.651187	-73.760382
MF	42.760065	-73.697602
K	42.743802	-73.837742
GG	42.723394	-73.851061
ST	42.677203	-73.822774
R	42.805599	-73.913512
R	42.686927	-73.860263
CC	42.733715	-73.847535
R	42.765219	-73.700415
K	42.75095	-73.764228
SR	42.751391	-73.800466
SR	42.77345	-73.698489
R	42.717844	-73.81288
SR	42.782215	-73.905582
K	42.689676	-73.849998
R	42.798191	-73.923609
ST	42.71054	-73.815694
R	42.70595	-73.775958
ST	42.744579	-73.809134
V	42.801585	-73.900738
R	42.757789	-73.758393
V	42.738104	-73.82559
K	42.800015	-73.927159
CC	42.679644	-73.834685
R	42.712698	-73.705388
R	42.703815	-73.816472
SR	42.673601	-73.816243
SR	42.738427	-73.762755
ST	42.800104	-73.927109
V	42.695759	-73.761421
R	42.795152	-73.929774
V	42.757362	-73.797429
K	42.689357	-73.851689
K	42.700904	-73.820531
R	42.753834	-73.761516
ST	42.709857	-73.817306
ST	42.699197	-73.824286
WT	42.736184	-73.79391
ST	42.690774	-73.852643
ST	42.774029	-73.892861
V	42.673232	-73.849267
R	42.730882	-73.702075
AS	42.71773	-73.834395
R	42.783141	-73.891312
ST	42.724268	-73.843858
R	42.733495	-73.854837
SR	42.718868	-73.833111
K	42.682909	-73.838418
GG	42.717535	-73.839616
R	42.677195	-73.823033
K	42.689256	-73.84993
R	42.78264	-73.941904
ST	42.711462	-73.814199
ST	42.689332	-73.849477
R	42.776279	-73.892439
AS	42.7177	-73.834392
R	42.685661	-73.782717
ST	42.697012	-73.849332
P	42.683756	-73.840776
R	42.754392	-73.756438
ST	42.706926	-73.825553
SR	42.791873	-73.922304
M	42.727388	-73.844849
R	42.708973	-73.776019
R	42.738617	-73.856311
R	42.782562	-73.955167
V	42.757369	-73.797413
R	42.733285	-73.849874
M	42.788815	-73.936513
G	42.799704	-73.948591
ST	42.719251	-73.803792
K	42.762124	-73.752702
G	42.686976	-73.860123
R	42.732504	-73.704863
WT	42.711391	-73.814375
SR	42.773466	-73.698487
CC	42.706487	-73.823422
ST	42.704654	-73.830242
ST	42.754145	-73.756538
SR	42.77196	-73.701003
G	42.805926	-73.913231
WT	42.695186	-73.815688
ST	42.773425	-73.894087
CC	42.685464	-73.839052
K	42.697783	-73.886185
ST	42.733088	-73.854416
R	42.76211	-73.753019
ST	42.776685	-73.906483
AS	42.728208	-73.798835
ST	42.77104	-73.700293
R	42.760356	-73.82074
ER	42.783979	-73.920433
K	42.738197	-73.72792
GG	42.717081	-73.839912
ST	42.689209	-73.849774
SR	42.717352	-73.809306
ST	42.689717	-73.849983
ST	42.771058	-73.700303
K	42.743827	-73.837787
ST	42.691892	-73.812773
CC	42.764422	-73.916085
ER	42.782063	-73.685107
MF	42.717344	-73.809308
ER	42.698954	-73.826188
M	42.770232	-73.759485
ST	42.69702	-73.887669
SR	42.695314	-73.846099
CC	42.685475	-73.839071
V	42.704202	-73.855238
U	42.677235	-73.824288
ST	42.697904	-73.847863
CC	42.758691	-73.776909
K	42.689142	-73.850046
R	42.753291	-73.781347
CC	42.758958	-73.776961
WT	42.695553	-73.820349
ST	42.688476	-73.84924
ST	42.695338	-73.820253
M	42.753286	-73.78133
U	42.704684	-73.830473
R	42.69529	-73.84611
ST	42.710563	-73.815667
V	42.801495	-73.900936
AS	42.728091	-73.799023
G	42.724126	-73.843976
SR	42.68944	-73.801274
K	42.689034	-73.850525
M	42.736415	-73.787665
R	42.720004	-73.795968
AS	42.729603	-73.796274
K	42.743804	-73.837801
ST	42.758236	-73.876356
ST	42.689988	-73.851759
CC	42.770994	-73.824265
