42.718785,-73.82924
42.748588,-73.599536
42.852284,-73.785597
42.750565,-73.776095
42.79987,-73.864965
42.784054,-73.726219
42.740387,-73.905398
42.736342,-73.717521
42.805429,-74.044227
42.681048,-73.84698
42.77469,-73.898297
42.878182,-73.982505
43.001589,-73.868123
42.703095,-73.763706
42.627836,-73.717842
43.073715,-73.740236
42.653031,-73.809978
42.674443,-73.782459
42.608547,-73.864416
42.800534,-73.627434
42.82134,-73.92093
42.821216,-73.695525
42.915739,-73.71339
42.934351,-73.881808
42.691516,-73.733751
42.635575,-73.759658
42.638686,-73.790469
42.599312,-73.657175
42.658816,-73.756974
43.195329,-73.691811
42.651428,-73.885894
42.697723,-74.03535
42.672768,-73.633574
42.937632,-74.173325
42.633112,-73.977172
42.543138,-73.705499
42.804981,-73.932822
43.340954,-73.685911
42.628833,-73.520771
42.542158,-73.822091
42.58817,-73.777693
43.134351,-74.339632
42.543141,-73.605525
43.001956,-73.667271
42.704669,-73.899364
42.812011,-73.950342
42.747904,-73.692466
42.827793,-73.848164
42.49156,-73.84266
43.354486,-73.553953
42.75747,-74.191095
43.31116,-73.645286
42.217345,-73.752256
42.419893,-73.653359
43.024817,-74.403815
43.290078,-73.629363
42.232019,-73.913867
42.631786,-73.613946
42.876802,-73.351525
42.937482,-73.605806
42.935415,-73.907815
43.254759,-73.559347
42.764785,-74.09515
43.228593,-73.922212
43.088569,-73.612965
42.899406,-73.490162
42.483412,-75.036892
42.839913,-73.60738
42.658398,-73.745952
42.345522,-73.842543
42.748836,-73.370379
41.539574,-74.057223
43.094307,-73.500583
43.15,-73.840896
43.102616,-73.981441
43.081283,-75.225833
42.862521,-73.554112
44.703651,-73.472669
43.141264,-75.154707
42.694185,-73.553155
42.598558,-74.183022
41.446544,-74.478741
42.685261,-73.82323
41.701921,-73.911519
43.215771,-75.461779
42.424859,-74.026509
42.758962,-73.480657
42.52276,-74.043268
43.083507,-74.138532
42.619223,-74.060881
42.69397,-74.530506
41.987541,-74.010273
41.592556,-73.886853
42.860344,-74.133085
43.054217,-74.030006
41.675868,-73.864484
42.432165,-76.497042
43.044399,-73.38195
43.153084,-76.212402
42.922279,-76.558539
42.936895,-74.658658
42.133332,-76.084622
43.171875,-73.920872
42.538976,-73.504976
43.177093,-77.554873
42.560862,-73.380714
43.438798,-76.457454
42.557461,-73.920294
43.217283,-77.444534
43.524469,-73.806596
41.118914,-74.048154
43.078782,-76.145026
41.559772,-73.787099
41.455672,-74.074946
43.166437,-76.364345
43.031057,-76.127249
42.313984,-74.02216
41.759307,-74.096058
43.358467,-73.330271
42.984481,-78.722761
42.389554,-73.710951
44.745352,-74.260037
43.329276,-76.380655
42.880523,-74.052689
42.294057,-73.825116
43.332787,-74.006311
43.128583,-76.129694
41.495996,-73.953632
,
43.214159,-73.347451
43.167143,-74.261237
43.424048,-73.71274
43.112004,-76.189613
43.266333,-77.676696
43.050817,-76.177473
42.854101,-74.590839
42.344725,-73.567126
42.956069,-74.401829
43.269201,-74.228185
43.060413,-75.279398
42.170436,-75.943434
42.092591,-73.98811
43.043056,-74.63047
43.968892,-75.906501
42.790105,-74.352762
43.53676,-73.365798
42.299922,-73.633627
42.669798,-74.286077
43.189939,-77.603649
42.573849,-76.202145
40.722537,-73.252183
42.30696,-74.926915
42.884893,-74.356737
43.005262,-76.14193
43.23463,-77.657661
41.288223,-73.792203
42.409012,-73.827839
41.623791,-74.158771
43.237078,-73.454506
41.317346,-74.199881
43.346062,-73.789637
43.157758,-78.701995
43.092445,-77.420338
43.1283,-77.731411
43.009011,-74.086384
43.441986,-73.53086
40.814268,-73.362276
43.171047,-77.697953
41.528811,-73.888068
42.122234,-73.858769
43.114604,-75.33768
43.172142,-76.056249
43.061915,-75.660092
42.928949,-78.750273
42.856357,-77.303497
40.783807,-73.252273
42.934442,-73.442269
42.54202,-74.326145
42.922697,-73.787225
42.971014,-78.796455
43.05689,-77.521042
43.213733,-77.712294
42.483504,-73.747254
43.039981,-75.379353
42.712657,-78.834708
42.837759,-78.747821
40.945468,-73.880497
42.63222,-73.4722
42.380013,-73.75966
43.079176,-78.842777
43.148316,-77.646987
40.649401,-73.582951
40.76178,-72.987407
41.562764,-74.170102
42.96303,-75.948439
42.980793,-76.223386
42.171041,-75.183316
41.457619,-73.724608
42.410631,-73.505286
42.703313,-73.963261
43.068436,-76.224212
44.65496,-74.926222
43.128291,-77.605805
40.662688,-73.98674
42.853488,-73.906535
42.656951,-73.333879
42.344418,-73.917633
43.061111,-76.134924
42.971061,-75.081209
43.151464,-77.444396
40.599263,-74.165748
40.641087,-74.016552
40.700647,-73.889423
40.689009,-73.37335
42.50913,-73.917246
43.045063,-76.30949
43.073442,-76.105783
43.225497,-77.593527
41.111118,-74.07854
40.66855,-73.870991
40.720115,-73.558861
40.717504,-73.358203
42.362023,-74.023533
43.032344,-76.000553
42.04187,-75.889077
42.909064,-78.629268
42.752803,-78.739697
43.150776,-77.586435
43.114542,-77.554976
40.798601,-73.966622
41.194423,-73.825285
41.289483,-73.916847
41.490413,-74.345272
42.968892,-73.346287
42.442223,-73.65938
42.183203,-75.876048
43.136456,-77.649477
42.08016,-79.25671
40.701954,-73.942358
40.646448,-73.956649
40.826582,-72.98405
42.450364,-73.794956
43.125689,-74.853291
42.775008,-74.588678
42.165361,-76.001942
42.998084,-78.878256
40.791763,-73.94397
42.43225,-73.892894
41.528031,-74.259365
41.37438,-74.624279
43.453564,-73.415995
43.037225,-76.102882
42.049395,-76.017594
43.087349,-77.641862
42.482555,-73.800532
42.833587,-74.445509
43.041094,-76.224039
42.722511,-74.895371
43.164533,-75.267645
42.350096,-75.309317
43.201207,-77.654749
40.869953,-73.865765
40.91757,-73.784858
40.712597,-73.953098
40.751463,-73.820996
40.883412,-73.423563
40.812958,-73.11449
42.379218,-74.109746
42.304893,-73.948176
41.722069,-74.009471
42.195932,-73.543215
43.639585,-73.823628
43.012893,-76.163281
44.933698,-74.883295
42.935339,-78.810681
42.845738,-78.822076
42.887063,-78.737825
43.099407,-78.951983
42.847695,-76.998972
40.862529,-73.888159
41.289619,-73.89695
40.628144,-73.946323
40.74482,-73.905161
40.784162,-73.409813
42.567308,-73.639545
43.081617,-75.766018
42.915086,-74.546249
42.819372,-78.830952
43.044371,-78.777335
43.293956,-77.802049
40.843267,-73.860417
41.410855,-73.59434
40.621993,-74.030134
40.882068,-73.004019
40.852924,-73.21126
40.794778,-72.875477
42.41595,-73.424961
42.484748,-73.399844
43.061009,-75.000439
42.435577,-75.204553
42.117827,-76.249166
42.901962,-78.703421
42.918097,-78.892406
40.798452,-73.974414
40.544473,-74.182367
40.852319,-73.913512
41.382046,-73.751818
40.606436,-73.909725
40.701475,-73.621108
40.668258,-73.457813
40.651288,-73.514726
41.633519,-74.319661
43.107462,-74.708431
42.864135,-75.168133
42.99619,-78.213412
43.214859,-77.552353
40.829886,-73.908121
40.880678,-73.90654
40.890964,-73.846239
40.988647,-73.788879
41.157191,-73.993416
40.720963,-73.84614
40.840492,-73.280815
43.309256,-76.166775
42.85738,-74.995493
42.285099,-75.388127
43.168428,-77.602642
40.715776,-73.986211
40.847162,-73.898663
40.699176,-73.706166
40.662932,-73.913019
40.749737,-73.853045
40.601261,-73.761646
42.258166,-74.041007
42.171335,-73.650487
43.040531,-76.076762
44.668123,-75.483114
42.134123,-75.820206
40.726399,-73.978633
40.905448,-73.835253
40.919729,-73.862651
40.680769,-73.949313
40.739634,-73.79449
40.761136,-73.32526
40.862632,-73.316932
42.616654,-74.563446
43.192089,-76.192302
42.906731,-78.819891
43.211739,-77.934564
43.18998,-77.819052
40.605965,-74.093535
41.200584,-73.723498
40.616698,-74.013066
40.583949,-73.949096
40.738843,-73.878539
40.671972,-73.531972
40.783056,-73.194911
40.868938,-73.041244
42.449724,-74.148844
42.205466,-74.020403
42.08687,-73.759509
43.662075,-74.064334
44.702344,-73.600896
44.237346,-74.478375
44.817751,-73.516729
43.067797,-75.854933
43.101955,-76.037845
43.061642,-75.12857
43.042842,-78.699413
40.837391,-73.923438
40.86894,-73.899995
41.130067,-73.78667
41.098819,-74.013262
40.643477,-73.976042
40.715359,-73.793072
40.663194,-73.554014
40.681433,-73.410099
40.724512,-73.516326
40.677612,-73.490014
42.986022,-74.26301
42.045663,-74.109618
41.79223,-73.893767
41.650829,-74.699907
43.060363,-73.931906
44.307529,-74.147022
43.225942,-76.151343
42.940849,-75.830103
42.958469,-76.06117
43.060381,-76.650274
43.757731,-75.532709
43.978952,-75.600977
42.949615,-78.861119
43.122831,-79.023218
42.986733,-77.434439
43.154099,-77.62293
43.182171,-77.640175
42.074438,-78.413393
40.731829,-73.989181
40.571768,-74.12595
40.868609,-73.848134
40.81869,-73.858474
41.140772,-74.104976
41.381156,-74.352485
40.6937,-73.989859
40.670757,-73.894209
40.671079,-73.936342
40.601293,-73.944493
40.622164,-73.96511
40.678302,-73.919936
40.67117,-73.752063
40.731546,-73.432692
40.911113,-73.172509
40.925812,-72.64617
43.631894,-73.632551
44.554081,-73.569296
43.465706,-76.244786
43.452005,-75.355443
43.265093,-75.268497
43.357597,-75.577397
44.335388,-75.455879
42.880078,-78.810469
42.951932,-78.898883
42.973452,-78.846201
43.235972,-78.216477
,
40.781428,-73.95001
40.967157,-73.846339
41.092068,-73.924648
40.745347,-73.680292
40.618777,-73.984831
40.69134,-73.927879
40.589081,-73.648178
40.755182,-73.574338
40.650697,-73.262218
40.940235,-73.11278
42.697829,-74.375418
42.086568,-73.664724
42.755585,-76.387278
42.890833,-76.372778
42.916639,-76.883297
43.043782,-76.150638
43.103414,-76.119619
43.418917,-75.73974
42.968801,-74.950576
44.035974,-75.793813
41.993662,-75.266006
42.547866,-75.530855
43.086308,-77.092116
40.838792,-73.94283
40.867523,-73.825018
41.180265,-74.102057
41.267448,-74.364011
40.701225,-73.809635
40.870331,-73.082113
40.794894,-73.070326
41.013013,-72.168912
42.577943,-73.95266
42.140733,-74.659478
42.448595,-74.246097
41.660687,-73.986567
41.544301,-73.738452
42.913372,-76.78526
42.777805,-74.740798
44.580531,-75.142767
42.327909,-75.134022
42.262039,-75.252051
42.891377,-78.503698
42.89606,-78.886424
,
,
40.742011,-74.000606
40.811407,-73.95306
40.825288,-73.950045
40.795458,-73.92957
40.627505,-74.094377
40.596549,-74.075779
40.531346,-74.219857
41.217956,-73.875173
41.344192,-74.262177
40.762576,-73.913457
40.694662,-73.966241
40.632667,-73.996669
40.663046,-73.954219
40.660065,-73.736012
40.677857,-73.777073
40.730486,-73.213924
40.762304,-73.524452
42.730427,-74.359221
42.420121,-73.565107
42.592887,-73.448036
42.609999,-74.724749
41.746872,-74.466183
42.109096,-73.561332
41.691564,-74.188272
43.83636,-73.553222
43.556184,-76.138199
42.803226,-76.111692
42.917854,-75.363169
42.12963,-74.787804
42.772531,-78.584321
42.939576,-78.840793
43.096594,-77.335388
43.061423,-77.220399
42.046025,-76.529114
42.087649,-76.746938
40.745221,-73.978294
40.775915,-73.982602
40.850482,-73.934051
40.867076,-73.924312
40.841767,-73.879577
40.952693,-73.73604
41.313334,-73.846039
41.015742,-73.677303
41.090064,-73.840898
40.938267,-73.829922
40.64959,-73.934374
40.597143,-73.973426
40.763445,-73.872334
40.751675,-73.883666
40.726467,-73.861515
40.715608,-73.768493
40.726854,-73.637009
40.757114,-73.174012
40.923631,-73.339309
40.709005,-73.296337
40.752632,-73.378372
40.870215,-72.521741
40.892509,-72.951175
42.761621,-74.383152
42.353449,-73.728436
41.428017,-73.996195
41.671202,-73.724891
41.613876,-74.015014
42.247128,-73.647638
41.798195,-74.736889
44.206567,-74.046051
43.10273,-75.959888
43.251404,-75.6578
42.818442,-75.544331
43.087503,-75.509514
42.088461,-75.447935
42.055241,-74.96692
42.033057,-75.617207
42.862657,-78.828768
43.080517,-77.853568
42.797774,-77.774638
42.966819,-77.575134
42.320079,-77.646339
,
40.765829,-73.987341
40.632646,-74.116148
41.139472,-73.835704
40.700592,-73.675021
40.778971,-73.90625
40.762211,-73.931528
40.639413,-73.900664
40.764191,-73.772775
40.765393,-73.893191
40.698096,-73.75899
40.631772,-73.636624
40.6749,-73.702154
40.742563,-73.486072
40.678993,-73.394445
40.717339,-73.17023
40.838208,-73.038185
40.682744,-73.446664
40.913572,-73.046355
40.866503,-72.804643
42.596357,-74.827655
41.626251,-73.675608
42.003067,-73.809794
42.744144,-75.143611
43.000029,-75.255495
42.049447,-76.167535
42.40869,-79.331304
42.788675,-78.826431
42.890961,-77.743757
42.570141,-77.733764
43.113062,-77.490306
42.21584,-76.834102
,
,
,
40.80238,-73.952681
40.776442,-73.953513
40.814713,-73.90859
40.829556,-73.86931
40.9086,-73.821635
41.221577,-73.572332
41.327512,-73.700685
40.919742,-73.88999
40.897721,-73.779258
41.442343,-74.250577
40.679169,-73.9638
40.785129,-73.810037
40.730145,-73.82703
40.676434,-73.844467
40.688638,-73.822942
40.746286,-73.638905
40.650127,-73.607709
40.706749,-73.592054
40.680422,-73.584877
40.798032,-73.647275
40.810074,-73.041409
40.885566,-73.249901
40.905139,-72.888349
40.905923,-72.415661
42.497791,-74.628105
42.317909,-74.085995
42.063367,-73.868652
41.940283,-74.739118
43.746887,-73.417527
43.088396,-73.591291
44.433107,-73.533246
42.727973,-76.211042
42.881106,-76.124074
43.253687,-76.314375
42.922949,-75.676749
43.209081,-75.073326
42.484359,-79.317005
43.017901,-78.962657
43.211161,-78.37677
43.205212,-78.057685
42.978904,-77.971534
43.233972,-77.314631
42.765059,-76.848967
43.142359,-77.545372
43.150045,-77.505526
42.087725,-76.843282
,
40.769224,-73.958741
40.759254,-73.989827
40.773363,-73.956222
40.805506,-73.91661
40.825856,-73.892941
40.847394,-73.840583
41.099178,-73.800049
40.923972,-73.825555
41.395364,-73.839053
41.0544,-73.779287
41.010566,-73.745129
41.061561,-74.007832
40.784319,-73.731488
40.839895,-73.693123
40.599148,-73.99609
40.72779,-73.947605
40.732676,-73.325003
40.857817,-73.116844
40.734504,-73.125222
40.818088,-73.213209
40.781771,-73.473118
40.807616,-72.847518
42.538795,-74.911164
42.219307,-73.720481
41.582614,-73.582577
41.466705,-74.178871
43.524756,-73.727177
43.117451,-73.311646
44.950821,-74.329
43.188494,-76.562626
43.09321,-76.485258
42.895441,-76.280369
43.074765,-76.0077
42.633789,-75.306457
43.354138,-75.159613
43.144012,-75.581897
44.75482,-74.986306
42.60747,-74.988238
42.525233,-75.2622
42.63313,-79.021745
42.830674,-78.299709
42.833552,-78.634046
42.714292,-78.927674
42.971876,-78.876869
42.919829,-78.876923
42.933948,-77.821103
43.327583,-77.932305
42.579578,-76.553706
,
,
,
,
40.830869,-73.936216
40.764628,-73.963144
40.824018,-73.823469
41.172119,-73.769217
41.269182,-73.688726
41.085897,-73.782645
40.959842,-73.880251
40.946859,-73.788035
40.723317,-73.704949
40.772884,-73.926295
40.768213,-73.827392
40.760473,-73.796372
40.724744,-73.909639
40.872605,-73.628622
40.692979,-73.652416
40.865398,-73.361296
40.905957,-73.127374
42.534769,-73.854863
41.809571,-74.326443
41.992378,-73.993774
42.415615,-74.14759
41.904345,-73.979025
42.268143,-73.955446
41.965192,-74.141459
41.719979,-73.598384
41.581723,-74.422422
43.696176,-73.667724
43.476445,-73.255601
43.32986,-73.406378
43.757013,-73.843367
44.720027,-73.719234
43.310917,-76.549843
43.320612,-74.961628
43.100942,-75.29381
43.152367,-75.365215
43.11008,-75.426511
42.333665,-76.040401
42.983128,-78.614258
43.046726,-78.630777
42.419658,-78.917725
43.095821,-79.040408
43.143826,-77.286397
43.041675,-77.689904
43.249424,-77.174261
42.079753,-79.329251
,
,
,
,
,
,
,
,
,
40.75863,-73.967949
40.818267,-73.942856
40.70922,-74.003603
40.858315,-73.930494
40.898788,-73.90313
41.227896,-73.686047
40.979049,-73.693202
41.256234,-73.53786
41.071512,-73.747093
41.020766,-73.775882
41.156495,-73.938239
40.70416,-73.921139
40.694025,-73.736223
40.673563,-73.817829
40.736438,-73.722362
40.721008,-73.742255
40.745255,-73.054836
40.939219,-73.018666
40.828288,-73.505922
40.955033,-72.825569
43.141894,-74.524929
42.416518,-73.938206
42.518611,-74.15884
42.424941,-74.578045
41.934991,-74.084925
42.323835,-74.582994
41.416157,-74.043064
41.924885,-73.863664
41.592057,-74.517419
43.415025,-74.02745
44.964539,-73.447083
44.955224,-74.488146
44.848324,-74.574605
44.355266,-73.448055
42.934596,-76.574232
43.078935,-76.565379
42.70226,-75.248224
42.709982,-75.066926
43.187371,-74.970659
42.964793,-75.48706
43.209569,-74.609995
44.20948,-76.093055
44.538101,-74.928377
42.170115,-74.991251
42.339007,-74.666257
42.088824,-75.968883
42.593154,-78.397461
43.027387,-78.756666
42.517379,-79.174998
42.882125,-78.861323
43.082693,-77.980115
42.991514,-77.33802
42.957391,-77.143523
43.036374,-77.612048
42.735221,-78.171092
42.070383,-76.80065
,
,
,
,
,
,
,
,
,
,
,
,
,
,
,
40.752359,-73.972489
40.889527,-73.872585
41.128468,-73.707521
41.461973,-73.874913
40.937752,-73.756473
41.340527,-73.597609
40.900458,-73.807138
41.203116,-74.002718
41.371913,-74.432479
41.463529,-74.543423
41.239234,-74.056261
41.031088,-73.947703
41.098072,-73.972649
40.793409,-73.688549
40.744647,-73.920203
40.647694,-73.879143
40.780348,-73.781548
40.657604,-73.844804
40.694062,-73.858626
40.666066,-73.638409
40.651028,-73.715325
40.57827,-73.844762
40.777011,-73.13509
40.92986,-72.973063
40.962028,-72.971008
42.289153,-73.739439
42.950858,-74.287087
42.19548,-74.503394
41.822918,-74.43208
42.306958,-74.10097
42.338036,-74.270087
41.948,-73.523572
41.499189,-73.587226
41.863647,-73.871536
41.613973,-74.59336
44.857044,-73.607875
44.627099,-73.845851
42.58367,-76.387923
42.964845,-76.331113
42.827598,-76.648904
43.096855,-76.31264
42.757804,-74.999545
44.015154,-76.071663
44.106202,-75.818322
44.446082,-75.674198
44.231562,-75.770537
42.301807,-75.479756
42.056466,-75.779234
42.557188,-75.13213
42.403814,-75.395541
42.973851,-78.389527
43.173245,-78.993068
42.524967,-78.712076
42.91589,-78.853098
43.159419,-77.168961
42.964101,-77.032088
43.128661,-77.629147
42.15747,-78.952618
42.349751,-77.343379
41.345044,-76.857249
41.04236,-75.175818
,
,
,
,
,
,
,
,
,
,
,
,
,
,
,
,
,
,
,
40.750636,-73.997177
40.733305,-74.006898
40.551884,-74.147646
40.820496,-73.924817
41.032947,-73.765058
41.191052,-73.967562
41.366227,-74.121286
41.3937,-73.972175
41.324076,-74.541179
40.682306,-73.978099
40.577372,-73.988706
40.677916,-74.005154
40.745293,-73.760583
40.728157,-73.785017
40.716753,-73.879598
40.707896,-73.828297
40.700203,-73.836012
40.730918,-73.745621
40.675818,-73.796661
40.826321,-73.589365
40.605357,-73.649046
40.657255,-73.673722
40.591662,-73.809668
40.906313,-73.558244
40.776087,-72.942806
40.956068,-73.066659
40.948046,-72.937093
40.738088,-73.08167
40.763164,-72.830344
40.993969,-72.320949
42.470521,-73.630031
42.212558,-74.234213
42.114296,-73.507454
41.540534,-73.671592
41.49552,-74.173104
41.734556,-73.792835
41.96339,-74.957793
41.440146,-74.72735
41.704298,-74.570714
43.834566,-73.762383
44.680187,-73.444738
44.700736,-73.676657
44.882767,-74.066008
44.097612,-73.481333
43.3028,-75.933212
43.152932,-75.962398
42.559649,-75.930761
43.26045,-75.85258
43.291249,-75.996241
42.479575,-76.267918
43.235788,-76.714793
42.985096,-75.429027
43.528032,-74.987121
42.976475,-75.595112
42.687707,-75.44229
43.070467,-75.599126
43.872576,-76.014735
42.223737,-75.532187
42.211894,-76.338222
42.234926,-76.164054
42.437694,-75.627357
42.646574,-78.874782
42.648324,-78.548308
43.249139,-78.998325
42.913948,-78.866021
42.894211,-78.820173
42.882635,-77.601026
43.089845,-76.994319
42.838808,-77.888751
42.104056,-77.292968
42.420997,-77.711347
42.357625,-76.335167
42.128123,-77.031977
42.505752,-76.684984
42.131632,-76.871851
,
,
,
,
,
,
,
,
,
,
,
,
,
,
,
,
,
,
,
,
,
,
,
,
,
40.81296,-73.937376
40.709073,-74.016423
40.630716,-74.137729
40.629885,-74.17413
41.059498,-73.819254
41.023712,-73.81281
41.255981,-73.959468
40.989836,-73.867513
40.960504,-73.822734
40.954635,-73.808184
41.068872,-73.956016
41.426089,-74.164664
40.74756,-73.938942
40.784923,-73.841548
40.709781,-73.738733
40.698151,-73.786912
40.636083,-73.693921
40.602924,-73.714434
40.783256,-73.638876
40.750968,-73.034924
40.789905,-73.540182
40.842949,-73.145216
40.942231,-72.765594
40.831296,-72.923154
42.455665,-73.927143
42.63735,-73.350721
42.614166,-74.655719
42.382017,-73.980862
42.61884,-74.463554
41.818958,-74.236082
42.358758,-74.16168
41.904961,-74.267998
42.300462,-74.423763
41.84709,-74.079545
41.869399,-73.998805
41.684774,-74.06484
41.78279,-73.669766
41.986194,-73.642216
41.501481,-74.798632
41.774642,-74.922609
43.591007,-73.46881
43.565104,-73.972748
44.480941,-73.772482
44.838194,-74.524672
44.888628,-73.441064
44.798893,-74.418686
44.060043,-73.464841
44.211345,-73.476221
42.744043,-76.652266
43.022862,-76.411872
42.492411,-76.359185
43.645775,-75.98168
42.654563,-76.419295
42.589192,-76.056073
43.32599,-76.661306
42.764159,-75.581736
43.304981,-75.150772
42.787528,-75.315224
44.064621,-75.781086
43.807377,-76.050124
43.830086,-75.734774
44.577138,-75.436852
44.595966,-75.323464
42.042575,-75.822509
42.190535,-74.896999
42.3767,-74.723609
42.503033,-75.382469
42.687367,-78.986636
43.263343,-78.72695
43.238603,-78.899823
42.700245,-78.674307
43.007767,-78.791572
43.084975,-79.038402
42.877919,-77.471014
42.68301,-77.869009
42.592426,-77.895852
42.665508,-77.066309
42.73991,-77.998746
43.218114,-77.049402
43.242547,-76.826243
42.316166,-79.572565
42.449059,-76.477539
42.34315,-76.618094
42.237682,-76.475575
42.377325,-76.945021
42.08144,-77.940922
40.037722,-75.065762
,
,
,
,
,
,
,
,
,
,
,
,
,
,
,
,
,
,
,
,
,
,
,
,
,
,
,
,
,
,
,
,
,
,
,
,
,
,
,
,
,
,
,
,
,
40.761907,-73.949967
40.810584,-73.884587
41.189652,-73.638509
41.375325,-73.926217
41.290172,-73.670416
40.975047,-73.724926
41.113294,-73.774353
41.319679,-74.117639
41.332065,-74.363422
41.200556,-74.315728
41.050066,-73.958585
41.168058,-74.178013
41.122955,-73.938031
40.771442,-73.714819
40.625774,-73.726668
40.717289,-73.602775
40.786929,-73.596491
40.806766,-73.170926
40.872799,-73.52502
41.047538,-71.946369
40.813511,-72.823823
42.946036,-74.279938
42.552657,-74.422661
42.410272,-74.395734
42.4828,-73.475088
42.250045,-74.546159
42.391829,-74.213288
42.264233,-74.29752
42.279821,-74.142025
41.86194,-74.176524
41.832417,-74.063984
41.877409,-73.764423
41.42404,-74.122142
41.80912,-73.795854
41.684459,-73.557676
41.475792,-74.623499
41.938832,-74.434026
41.787539,-74.589314
44.430097,-74.002212
43.963837,-73.583249
44.720458,-74.543229
44.214405,-73.608948
44.960295,-73.571184
44.563851,-74.524079
43.169352,-75.666823
42.76221,-75.763989
43.353715,-76.149309
42.673617,-76.627152
43.106266,-76.417239
42.837754,-75.86152
43.423243,-76.091802
42.8803,-75.272951
43.08896,-75.372252
43.972873,-75.262642
42.827039,-75.656427
43.237249,-74.74576
43.032894,-75.512948
43.432843,-75.897509
43.11089,-75.277497
44.870613,-74.750443
44.114766,-76.290981
43.908782,-75.448325
44.432661,-75.186773
44.193265,-75.954645
44.747782,-75.271203
44.773868,-75.160958
44.428054,-75.373151
44.754714,-74.810347
42.324084,-76.202038
42.471013,-74.857905
42.456883,-76.067124
43.036573,-78.510831
42.500569,-78.865375
42.718405,-78.541402
43.272672,-78.812943
43.084761,-78.066965
43.082126,-76.877598
42.712552,-77.663312
42.776517,-77.581042
43.329379,-78.0428
42.811762,-77.636011
43.109912,-77.81499
42.676642,-76.805003
43.032728,-77.78011
42.820435,-77.131773
42.055006,-79.084541
42.192604,-78.146295
42.300727,-77.005249
42.490667,-77.026107
42.160375,-77.127609
42.321946,-77.187158
41.721291,-77.337283
41.183488,-77.077271
41.311612,-76.889212
40.967289,-75.288004
,
,
,
,
,
,
,
,
,
,
,
,
,
,
,
,
,
,
,
,
,
,
,
,
,
,
,
,
,
,
,
,
,
,
,
,
,
,
,
,
,
,
,
,
,
,
,
,
,
,
,
,
,
,
,
,
,
,
,
,
,
,
,
,
,
,
,
,
,
,
,
40.688874,-74.018213
40.739104,-73.982455
40.725581,-73.998078
40.755402,-73.993259
40.508839,-74.240575
41.2457,-73.932909
41.34897,-73.998495
41.294858,-74.488006
41.380516,-74.480462
41.203123,-74.022156
41.209904,-73.973872
40.746205,-73.711482
40.816251,-73.742872
40.657364,-74.004736
40.756632,-73.735333
40.637472,-73.666807
40.880757,-73.588724
40.844016,-73.644006
40.759669,-73.642312
40.594154,-73.791986
40.552684,-73.924526
40.716435,-73.261514
40.902425,-73.371427
40.950485,-72.886658
40.731247,-73.099419
40.75901,-73.457384
40.850437,-72.582821
41.10403,-72.371541
41.001648,-72.547599
42.32111,-73.455997
41.906422,-73.990723
42.36364,-74.502385
41.7308,-74.51336
41.781151,-74.172877
42.252385,-74.364938
42.240382,-74.678893
41.987348,-74.228435
41.750485,-74.358293
42.035959,-73.580146
42.207459,-73.687752
41.688313,-73.892121
41.839141,-75.077725
41.815208,-74.978854
41.817275,-74.89287
43.759975,-73.716367
43.491968,-73.985954
43.179961,-73.409117
43.489396,-73.621194
43.690561,-73.549743
44.927645,-74.178915
44.867747,-73.882071
44.347329,-73.702866
44.318369,-73.581246
44.478136,-74.307514
44.277015,-74.072971
44.61636,-73.80871
44.991606,-73.373402
44.560709,-73.738967
42.95678,-76.707909
42.71231,-75.865194
42.871851,-75.762082
42.675114,-76.542579
43.258488,-76.614264
42.933187,-76.175126
43.271918,-76.251052
43.568755,-75.977019
43.206652,-75.721431
43.498155,-75.965146
42.816533,-75.319104
43.576282,-75.527857
42.904352,-74.86756
43.324528,-75.513109
42.892429,-75.500629
43.134514,-74.924889
42.687973,-75.615788
43.214828,-75.302367
44.297558,-75.937625
44.030078,-75.857573
44.150623,-75.318207
44.981859,-74.65015
44.356596,-75.013141
43.925469,-76.085527
42.273812,-74.756997
42.268822,-75.882753
42.004099,-75.10067
42.47038,-75.331968
42.359214,-75.759499
42.2184,-75.676696
42.198205,-75.768632
42.475564,-78.488807
43.102049,-78.168857
42.438503,-79.143131
42.484905,-78.312811
43.213204,-78.568403
42.563203,-79.067834
43.084919,-78.274609
43.14933,-78.877732
42.972268,-78.064247
42.686534,-77.751115
42.645223,-77.39977
43.201328,-76.919338
42.877513,-78.013345
42.983831,-77.678535
42.683429,-77.565904
43.341652,-78.251742
43.157442,-77.615355
42.183745,-79.361923
42.081231,-78.777985
42.253375,-77.789297
42.155636,-76.9593
42.2421,-77.529481
42.039591,-76.911352
41.642528,-76.805113
41.158143,-75.00069
,
,
,
,
,
,
,
,
,
,
,
,
,
,
,
,
,
,
,
,
,
,
,
,
,
,
,
,
,
,
,
,
,
,
,
,
,
,
,
,
,
,
,
,
,
,
,
,
,
,
,
,
,
,
,
,
,
,
,
,
,
,
,
,
,
,
,
,
,
,
,
,
,
,
,
,
,
,
,
,
,
,
,
,
,
,
,
,
,
,
,
,
,
,
,
,
,
,
,
,
,
,
,
,
,
,
,
,
,
,
,
,
,
,
,
,
,
,
,
,
,
,
,
,
,
,
,
,
,
,
,
,
,
,
,
,
,
,
,
,
,
,
,
,
,
,
,
,
,
,
,
,
,
40.706004,-74.008785
40.720103,-74.004901
40.77596,-73.990341
40.716901,-74.015119
41.266143,-73.588296
41.009696,-73.863304
41.036927,-73.854864
41.320276,-73.678991
41.039089,-73.811368
41.301894,-74.119908
41.016347,-73.914324
41.037017,-73.921259
40.756643,-73.71424
40.798909,-73.733653
40.587963,-73.728528
40.749892,-73.612477
40.675061,-73.671667
40.782186,-72.912084
40.864322,-73.456406
40.820208,-73.47245
40.798359,-72.794297
41.021223,-72.486958
40.81317,-72.752004
40.830126,-72.729797
40.810615,-72.706062
41.064037,-72.430926
40.826323,-72.649008
42.541514,-74.673053
43.573248,-74.451487
42.305909,-73.504176
42.544369,-74.55622
43.475631,-74.28541
42.084724,-74.524954
42.06578,-74.424757
41.876019,-74.044802
41.861119,-74.102017
42.134238,-74.136736
42.032705,-73.997133
42.044071,-74.252501
41.862964,-73.573517
42.035298,-73.913144
41.657925,-74.101503
41.7531,-74.987694
41.726043,-74.617047
41.734585,-74.75046
41.750928,-74.692894
41.676348,-74.522774
41.702466,-74.632195
41.619674,-74.466383
43.605457,-74.02833
43.449567,-73.29832
43.841891,-74.034467
43.935796,-74.167522
43.819563,-73.89062
44.927419,-74.602942
44.844657,-73.796933
44.122772,-73.8835
44.952351,-73.719912
44.015756,-73.572348
44.774921,-74.657566
44.710897,-74.09815
44.529091,-73.430536
44.520103,-74.069774
44.0778,-73.576545
42.847861,-75.977956
43.398646,-76.478779
43.646742,-76.116311
43.085645,-76.750191
42.775406,-76.569608
42.696935,-75.951068
43.185045,-75.714741
43.367414,-75.468212
43.24388,-75.160287
42.921536,-75.260063
43.026436,-75.266925
42.954345,-75.201657
43.751155,-75.309368
42.982178,-75.522003
42.931043,-74.612591
43.718215,-74.983716
43.594911,-75.248869
43.697411,-75.067862
43.345147,-75.344599
44.045812,-75.987963
44.100667,-76.106996
43.81131,-76.216097
43.70962,-76.098396
44.218485,-74.926076
44.837267,-74.960097
44.323891,-75.769069
44.097456,-75.007653
42.454448,-74.901809
42.44098,-74.693941
42.606817,-75.108363
42.03006,-76.354752
42.507042,-75.155228
42.33092,-75.931125
42.920586,-78.250065
43.08629,-78.397746
42.581363,-78.245468
42.622205,-78.727032
42.564386,-78.507624
42.629054,-78.185536
43.334373,-78.380616
42.837026,-78.557725
42.671576,-78.339931
42.379512,-79.036656
42.729606,-78.434328
42.761795,-77.921452
42.89428,-77.921587
42.969005,-77.231518
42.684916,-77.254886
42.999374,-77.89179
42.680987,-76.870803
42.832085,-78.107386
43.156696,-77.605248
42.087902,-79.419847
42.07653,-78.14475
42.345879,-79.287596
42.341958,-78.875953
42.253585,-79.020279
42.45269,-78.096169
42.211871,-78.396009
42.233756,-78.804596
42.037929,-78.300296
42.228753,-79.699933
42.311143,-79.385369
42.114838,-76.538139
41.759502,-76.804051
40.014623,-76.246351
41.180067,-76.930473
40.627594,-75.395584
40.608473,-75.476275
40.611658,-75.546853
40.949046,-75.955621
41.096574,-75.111116
40.895341,-75.357667
41.664189,-75.492862
41.61647,-75.257711
41.455473,-74.983132
41.395767,-74.919277
41.58341,-75.396687
41.185511,-76.022618
41.69097,-75.905239
41.721414,-76.276925
40.389293,-75.234442
40.099749,-74.937829
39.95031,-75.304042
40.02211,-75.048534
40.356825,-75.910242
40.397908,-75.943191
39.048173,-76.824036
38.787694,-77.278769
34.136589,-77.920579
27.324987,-82.471714
33.645848,-93.598889
33.459359,-94.439042
,
,
,
,
,
,
,
,
,
,
,
,
,
,
,
,
,
,
,
,
,
,
,
,
,
,
,
,
,
,
,
,
,
,
,
,
,
,
,
,
,
,
,
,
,
,
,
,
,
,
,
,
,
,
,
,
,
,
,
,
,
,
,
,
,
,
,
,
,
,
,
,
,
,
,
,
,
,
,
,
,
,
,
,
,
,
,
,
,
,
,
,
,
,
,
,
,
,
,
,
,
,
,
,
,
,
,
,
,
,
,
,
,
,
,
,
,
,
,
,
,
,
,
,
,
,
,
,
,
,
,
,
,
,
,
,
,
,
,
,
,
,
,
,
,
,
,
,
,
,
,
,
,
,
,
,
,
,
,
,
,
,
,
,
,
,
,
,
,
,
,
,
,
,
,
,
,
,
,
,
,
,
,
,
,
,
,
,
,
,
,
,
,
,
,
,
,
,
,
,
,
,
,
,
,
,
,
,
,
,
,
,
,
,
,
,
,
,
,
,
,
,
,
,
,
,
,
,
,
,
,
,
,
,
,
,
,
,
,
,
,
,
,
,
,
,
,
,
,
,
,
,
,
,
,
,
,
,
,
,
,
,
,
,
,
,
,
,
,
,
,
,
,
,
,
,
,
,
,
,
,
,
,
,
,
,
,
,
,
,
,
,
,
,
,
,
,
,
,
,
,
,
,
,
,
,
,
,
,
,
,
,
,
,
,
,
,
,
,
,
,
,
,
,
,
,
,
,
,
,
,
,
,
,
,
,
,
,
,
,
,
,
,
,
,
,
,
,
,
,
,
,
,
,
,
,
,
,
,
,
,
,
,
,
,
,
,
,
,
,
,
,
,
,
,
,
,
,
,
,
,
,
,
,
,
,
,
,
,
,
,
,
,
,
,
,
,
,
,
,
,
,
,
,
,
,
,
,
,
,
40.713858,-74.007777
40.769308,-73.949924
41.295591,-73.759425
41.011672,-73.841273
41.263168,-73.944966
41.352349,-73.652788
41.339614,-73.879835
41.196605,-73.800569
41.33276,-73.996452
41.368021,-74.512999
41.404964,-74.077432
41.02296,-73.928488
40.621346,-73.75699
40.745979,-73.957524
40.772348,-73.746292
40.770846,-73.652249
40.812868,-73.627405
40.989988,-72.099587
40.934313,-72.306615
40.960725,-72.54988
40.969049,-72.462175
41.202434,-72.118732
41.039067,-72.464419
41.049483,-72.302316
40.847825,-72.702889
40.941107,-72.244466
42.476788,-73.533278
42.761684,-74.449311
42.867493,-73.312753
42.477302,-73.576699
42.453371,-74.463913
43.57604,-74.356232
42.528462,-74.447631
42.040569,-74.181139
42.247617,-74.115847
42.044379,-73.94443
42.000641,-74.156576
42.195611,-74.07512
42.277817,-74.21039
42.031719,-74.331233
42.014664,-74.014812
42.135381,-74.391274
42.205006,-74.144193
42.122854,-73.924476
42.184925,-74.335763
41.785665,-73.974132
41.901615,-73.700592
41.837621,-74.958711
41.554808,-74.873913
41.450344,-74.668614
41.694748,-74.839881
41.699564,-74.667411
41.78173,-74.658853
41.591553,-74.995556
41.561783,-74.709708
41.642613,-74.817592
41.795394,-74.845029
43.712347,-73.605597
43.606007,-73.533013
43.738348,-74.36703
44.02701,-73.758053
43.66594,-74.142961
43.673098,-73.93589
44.20725,-74.809746
44.432877,-74.16073
44.235587,-73.823783
44.309091,-74.24044
44.057111,-73.549539
44.503733,-74.230251
44.320841,-73.75346
44.372798,-73.892043
43.325424,-76.109332
42.967368,-75.684678
42.614098,-75.844788
42.996557,-76.453627
42.674546,-75.776726
43.326421,-76.06026
42.88962,-75.571545
43.866299,-74.880902
42.836995,-74.818644
42.654143,-75.195234
43.313337,-75.116208
43.722272,-74.714466
42.804977,-75.261071
43.638514,-75.286546
42.596494,-75.198473
42.845704,-75.38046
43.580319,-75.803835
42.701927,-74.810297
42.84803,-74.851887
43.646449,-75.443434
43.397395,-75.826003
42.688638,-74.750589
43.532529,-75.141288
44.26094,-75.613698
43.985237,-75.76937
44.53089,-75.691171
44.834246,-75.080093
44.303503,-76.02811
44.04846,-75.434366
44.470543,-74.660706
44.813766,-74.992918
43.843312,-75.901905
44.868927,-75.134242
42.243494,-75.907999
42.410607,-74.891229
41.960118,-75.149385
42.242134,-76.041266
42.163707,-75.551328
42.608179,-75.668317
42.451432,-74.935
42.455495,-75.898915
43.332173,-78.532622
42.942356,-78.687965
43.31804,-78.717617
42.654382,-78.692124
42.919587,-78.126802
42.56288,-78.600125
43.199166,-78.483903
43.137952,-79.034134
43.335884,-78.72858
42.481182,-79.017384
42.74841,-78.323002
42.881493,-78.877484
42.621574,-78.054058
42.753761,-77.492189
43.333129,-78.140393
42.838482,-77.710342
43.005511,-77.516656
42.543975,-78.083671
42.976071,-77.24387
42.564925,-77.562598
42.872237,-77.895893
42.326732,-78.119419
42.317615,-79.157121
42.046328,-79.66983
42.206882,-78.297294
42.263347,-79.423157
42.408377,-78.743584
42.307351,-78.655503
42.16022,-79.172137
42.32905,-78.428611
42.219966,-78.611624
42.4281,-78.206654
42.021908,-78.201569
42.237507,-79.505285
42.057352,-79.514135
42.077584,-78.483239
42.273416,-77.745296
42.171497,-77.772561
42.454933,-76.818927
42.224194,-77.441939
42.241574,-77.219254
42.056296,-76.618187
42.53301,-77.869746
42.119444,-77.640967
42.441653,-77.194396
42.60062,-76.981464
42.53209,-78.001564
42.60849,-76.734238
42.505802,-76.614769
42.1457,-77.497396
42.02979,-77.134956
42.59192,-76.831428
42.088212,-76.686236
42.34818,-76.833969
42.05779,-77.680307
42.177508,-77.970614
42.479522,-77.893852
42.234191,-76.579111
42.053364,-77.4295
40.60364,-80.216429
40.770856,-80.351417
40.426324,-79.761379
40.36814,-80.017794
41.034074,-80.0603
42.109084,-80.049029
42.108991,-79.954821
42.166254,-79.990161
41.854233,-76.783676
41.948567,-76.78381
41.953405,-77.434494
41.963406,-77.134908
41.819424,-77.062502
40.414171,-77.041503
40.580098,-76.677428
40.31507,-76.890731
40.373989,-76.770206
40.244751,-76.132881
39.897702,-76.331027
41.299271,-76.68578
41.249445,-77.269646
41.24097,-77.153274
41.208002,-76.739819
41.106517,-76.821696
41.019992,-76.420092
40.990147,-76.644205
40.764431,-75.409221
40.656191,-75.467788
40.745941,-75.225667
40.591583,-75.304353
40.888739,-75.49429
40.84414,-75.259135
40.570308,-75.488926
40.635486,-75.441922
40.933491,-75.829695
41.016682,-75.288955
40.918523,-75.393279
40.962546,-75.449916
41.054954,-75.431784
41.32911,-74.871787
41.122889,-75.344027
40.922603,-75.322095
41.044043,-75.334289
41.325507,-75.239061
41.329074,-75.55277
41.758495,-75.370789
41.831299,-75.516849
41.196442,-75.394233
41.082935,-76.247853
41.17054,-76.077533
41.254051,-75.959827
41.230478,-75.757439
41.262525,-75.914635
41.271848,-75.842772
41.203289,-75.914803
41.931063,-76.501007
41.98982,-75.722697
41.970357,-75.79417
41.697366,-75.787183
41.745579,-75.748988
41.806724,-76.096165
41.830967,-75.720934
41.621411,-76.229986
41.751057,-76.454741
40.306267,-75.147144
40.260594,-74.93707
40.452964,-75.348855
40.188468,-75.009898
40.125923,-75.125443
40.187217,-75.206876
40.009753,-75.231508
40.023625,-75.329724
39.868633,-75.392945
40.073118,-75.124431
40.180468,-74.837263
40.101407,-75.105519
40.180448,-74.912451
40.153918,-74.974991
40.150307,-74.839218
39.82883,-75.435069
39.922229,-75.414058
40.002582,-75.249064
40.205877,-74.817827
40.023891,-75.257741
39.890636,-75.370038
40.157452,-75.124753
39.997882,-75.274178
40.090698,-75.042868
39.942579,-75.225905
39.911612,-75.151475
39.750743,-76.070383
39.987218,-75.603138
39.927665,-75.613166
40.13018,-75.331629
40.093268,-75.383637
40.15681,-75.279393
40.232327,-75.303915
40.416215,-75.588554
40.447335,-75.820503
40.496313,-75.683558
40.291483,-75.944791
40.341535,-75.974921
38.793658,-75.426062
38.63039,-76.976583
38.418667,-76.732423
38.942361,-76.964578
39.002745,-76.931721
38.836403,-76.918265
38.814868,-76.933447
38.874532,-76.774182
38.997279,-77.151816
39.150349,-77.078251
39.090923,-77.182188
39.051511,-77.123973
39.101747,-77.094602
39.208384,-77.237182
39.112637,-77.250436
39.066571,-76.980741
39.21356,-76.959392
39.436627,-76.289757
39.206042,-76.828234
39.488125,-76.915075
39.009626,-76.684229
39.483784,-76.794208
39.351795,-76.564402
39.23997,-76.67945
39.341537,-76.49527
38.314082,-75.532106
38.755963,-77.314172
38.940203,-77.164882
38.804093,-77.207804
38.683699,-77.314673
38.883472,-77.139532
38.836463,-77.062098
38.806853,-77.056374
38.27718,-77.162636
37.797305,-79.014082
37.557767,-77.378886
37.626617,-77.492834
37.586772,-77.574165
36.865126,-76.005827
36.892997,-76.147108
36.915939,-78.138611
37.359741,-79.141272
36.842621,-79.453781
37.57615,-79.253367
39.001947,-80.197409
35.622246,-78.863271
35.742323,-78.715478
34.221692,-77.880633
33.885889,-80.014019
33.832049,-78.654824
33.655983,-83.695765
34.242301,-85.171371
34.856753,-83.967998
34.561298,-84.015093
33.781688,-83.696095
32.548807,-84.924106
30.391628,-87.369394
27.591046,-80.383421
27.71549,-80.454289
25.943117,-80.214686
26.719895,-80.193063
26.352906,-80.207938
26.347162,-80.159237
26.455873,-80.107935
27.934112,-82.738984
26.693201,-81.945126
26.431625,-81.906768
26.623407,-81.601499
27.487486,-82.515907
27.580023,-82.552646
27.280022,-82.476635
27.400992,-82.527943
27.276553,-80.2442
27.323935,-80.350232
27.327734,-80.401911
27.135456,-80.348028
27.200021,-80.256795
35.881689,-86.318747
36.113187,-86.870443
36.11842,-83.812584
36.009851,-84.866557
32.425874,-90.169852
32.395519,-90.293173
39.866721,-83.115561
41.648026,-83.506863
41.615736,-80.585942
41.266284,-82.04179
41.457996,-82.167141
41.67653,-81.328167
41.610724,-81.379324
41.483258,-81.801143
41.483241,-81.697166
41.399662,-81.834332
41.244488,-81.828842
41.139872,-81.860559
40.814381,-81.497182
40.822444,-82.75506
40.767355,-82.572607
41.607057,-86.721724
41.663976,-86.075079
37.952897,-87.34647
42.335793,-83.283296
42.432426,-83.52436
42.272709,-83.126672
42.646151,-83.714412
42.848445,-83.42125
47.16548,-88.539664
42.726918,-87.830175
45.965395,-89.638539
44.636591,-88.739379
45.172932,-93.386829
44.914372,-93.416254
45.067676,-93.302089
41.950022,-88.091865
41.805603,-87.901039
41.84688,-87.670664
38.636558,-90.374651
39.035974,-94.595192
39.114346,-94.523234
38.049507,-93.66298
38.324361,-92.564791
38.979253,-95.345686
39.060329,-94.626783
39.069454,-94.702613
39.165351,-94.829341
39.084029,-94.789887
39.26703,-96.433702
39.225094,-96.080292
39.04258,-95.636364
37.648326,-95.457198
37.503998,-94.893692
37.20823,-95.756081
41.299331,-96.16729
30.080623,-92.012376
32.385528,-93.736553
32.573335,-93.697184
34.266229,-92.145367
33.924461,-91.837116
33.254898,-93.845308
33.100688,-93.499923
33.727114,-96.470771
33.03271,-97.06007
33.189002,-96.108829
33.623644,-96.427868
33.274704,-95.917561
33.397601,-95.681769
33.216815,-94.975144
33.486324,-96.39593
33.371831,-94.139813
33.011304,-94.572161
31.723324,-94.628592
32.282237,-98.196721
29.957224,-95.503319
29.979455,-95.573317
30.640258,-95.5384
30.053105,-95.157943
29.994499,-95.177499
30.057832,-95.471001
29.945301,-95.741369
29.785907,-95.117207
29.698461,-95.121268
29.015519,-95.282536
29.583817,-95.036156
29.399363,-94.999115
30.146124,-94.160613
27.368619,-99.347342
39.301907,-104.818104
39.540594,-104.95864
40.169014,-105.210376
40.05344,-105.021444
40.745223,-107.694794
43.324081,-112.552045
44.979814,-113.896277
43.627161,-116.287653
43.640263,-116.333534
40.714502,-111.89269
41.321964,-111.976133
33.450662,-112.078353
33.443097,-112.128136
33.511112,-112.084731
33.369197,-112.04351
33.343013,-112.020221
33.43242,-111.718512
33.448733,-111.769015
33.564295,-111.895881
33.272273,-111.833863
35.268498,-106.783682
34.119367,-117.855054
32.637882,-117.058047
32.838798,-116.869956
32.90891,-116.891972
32.765244,-117.200391
32.707756,-117.055095
32.764998,-117.073641
33.752498,-117.993967
37.959549,-122.283579
38.915869,-121.080284
38.997199,-120.129613
38.869825,-120.008594
47.461156,-122.698
64.87735,-148.14857
